timestamp,frame_number,blue_robot_x,blue_robot_y,blue_robot_orientation,yellow_robot_x,yellow_robot_y,yellow_robot_orientation,ball_x,ball_y,ball_speed_x,ball_speed_y,ball_speed,ball_angle,blue_robot_strategy,yellow_robot_strategy
1738850723.19382,0,-718.9165649414062,171.32261657714844,1.5510286092758179,417.9960021972656,387.79388427734375,-2.847623825073242,333.85540771484375,341.6666564941406,,,,,0,2
1738850723.2263515,0,-718.91943359375,170.92999267578125,1.5648102760314941,410.19134521484375,386.0137939453125,-2.8280293941497803,321.5662536621094,341.6666564941406,-74.03104851044804,0.0,74.03104851044804,180.0,0,2
1738850723.2682195,0,-718.9203491210938,170.71475219726562,1.5727297067642212,398.42144775390625,384.7167663574219,-2.80202054977417,309.277099609375,341.6666564941406,-74.03104851044804,0.0,74.03104851044804,180.0,0,2
1738850723.2980962,0,-718.920166015625,170.621337890625,1.5159716606140137,387.9468994140625,381.8238830566406,-2.828263759613037,296.9879455566406,341.6666564941406,-74.03104851044804,0.0,74.03104851044804,180.0,0,2
1738850723.328383,0,-718.91943359375,172.63320922851562,1.5374791622161865,378.463623046875,377.92999267578125,-2.835395097732544,288.795166015625,341.6666564941406,-49.35409362057605,0.0,49.35409362057605,180.0,0,2
1738850723.3631728,0,-718.9185180664062,171.97476196289062,1.4926599264144897,365.6832580566406,375.5129699707031,-2.8039753437042236,276.5060119628906,337.5,-74.03104851044804,-25.10034032614834,78.17047542419567,-161.270693006272,0,2
1738850723.4009113,0,-718.9176025390625,171.47352600097656,1.4630635976791382,354.6856994628906,372.1702880859375,-2.8401074409484863,264.21685791015625,337.5,-74.03104851044804,0.0,74.03104851044804,180.0,0,2
1738850723.4251902,0,-718.9168701171875,171.12472534179688,1.5060955286026,343.0091247558594,368.2347717285156,-2.866790294647217,256.02410888671875,337.5,-49.35390977974397,0.0,49.35390977974397,180.0,0,2
1738850723.4640324,0,-718.9163208007812,170.90406799316406,1.5980786085128784,330.8965759277344,365.991455078125,-2.8293211460113525,243.7349395751953,337.5,-74.03114043086407,0.0,74.03114043086407,180.0,0,2
1738850723.4987602,0,-718.9159545898438,172.8101806640625,1.5984930992126465,320.5302429199219,360.878662109375,-2.8034210205078125,231.44578552246094,337.5,-74.03104851044804,0.0,74.03104851044804,180.0,0,2
1738850723.528619,0,-718.9157104492188,172.0721435546875,1.5947331190109253,309.3757629394531,357.8915100097656,-2.78719425201416,223.2530059814453,337.5,-49.35409362057605,0.0,49.35409362057605,180.0,0,2
1738850723.5616024,0,-718.9155883789062,173.54554748535156,1.5893806219100952,297.6545104980469,352.3637390136719,-2.7782530784606934,210.96385192871094,337.5,-74.03104851044804,0.0,74.03104851044804,180.0,0,2
1738850723.5962,0,-718.91552734375,172.480224609375,1.583978533744812,287.5563659667969,349.18975830078125,-2.8135111331939697,202.77108764648438,337.5,-49.35400170016001,0.0,49.35400170016001,180.0,0,2
1738850723.6259828,0,-718.91552734375,171.6978759765625,1.5793226957321167,276.5685119628906,347.677734375,-2.799525737762451,190.48193359375,337.5,-74.03104851044804,0.0,74.03104851044804,180.0,0,2
1738850723.6679034,0,-718.91552734375,171.17274475097656,1.5757147073745728,264.9378967285156,343.17596435546875,-2.789963483810425,182.28915405273438,337.5,-49.35409362057605,0.0,49.35409362057605,180.0,0,2
1738850723.697774,0,-718.9155883789062,172.8842010498047,1.57315993309021,254.87843322753906,340.6506652832031,-2.761573076248169,170.0,333.3333435058594,-74.03104851044804,-25.10034032614834,78.17047542419567,-161.270693006272,0,2
1738850723.7299757,0,-718.9155883789062,172.03570556640625,1.5715107917785645,241.90188598632812,337.471435546875,-2.8341498374938965,161.80723571777344,337.5,-49.35400170016001,25.10034032614834,55.37006924600931,153.04313052631736,0,2
1738850723.7622077,0,-718.9155883789062,173.4576873779297,1.5166850090026855,230.93113708496094,333.8153381347656,-2.9369118213653564,149.51806640625,337.5,-74.03114043086407,0.0,74.03114043086407,180.0,0,2
1738850723.7957077,0,-718.9156494140625,172.37855529785156,1.5343583822250366,221.3871612548828,331.8709716796875,-2.950275182723999,141.32530212402344,337.5,-49.35400170016001,0.0,49.35400170016001,180.0,0,2
1738850723.824919,0,-718.9156494140625,173.6331329345703,1.4947155714035034,212.7685546875,331.0830993652344,-3.0057671070098877,133.1325225830078,337.5,-49.35409362057605,0.0,49.35409362057605,180.0,0,2
1738850723.8586826,0,-718.9156494140625,172.44300842285156,1.5233584642410278,204.6856231689453,331.00128173828125,-3.0310211181640625,120.84337615966797,337.5,-74.03100255024002,0.0,74.03100255024002,180.0,0,2
1738850723.894683,0,-718.9156494140625,173.63140869140625,1.544848084449768,196.86172485351562,331.2933654785156,3.120553731918335,112.65060424804688,337.5,-49.35404766036803,0.0,49.35404766036803,180.0,0,2
1738850723.9302166,0,-718.9156494140625,174.43701171875,1.559579610824585,187.12265014648438,331.7353820800781,3.0988614559173584,100.36144256591797,337.5,-74.03109447065606,0.0,74.03109447065606,180.0,0,2
1738850723.966245,0,-718.9156494140625,172.90145874023438,1.508162498474121,178.03114318847656,332.1910095214844,3.093895196914673,92.1686782836914,337.5,-49.35400170016001,0.0,49.35400170016001,180.0,0,2
1738850723.9947178,0,-718.9156494140625,173.8470001220703,1.5335532426834106,167.40533447265625,332.58831787109375,3.0981454849243164,79.8795166015625,337.5,-74.03109447065606,0.0,74.03109447065606,180.0,0,2
1738850724.0318441,0,-718.9156494140625,174.49716186523438,1.4979608058929443,155.75425720214844,332.89886474609375,3.0462658405303955,71.6867446899414,337.5,-49.35404766036803,0.0,49.35404766036803,180.0,0,2
1738850724.0625114,0,-718.9156494140625,172.87326049804688,1.4676249027252197,143.48590087890625,337.1792297363281,3.0155093669891357,63.49397659301758,337.5,-49.354024680264025,0.0,49.354024680264025,180.0,0,2
1738850724.0964985,0,-718.9156494140625,171.7480926513672,1.50962495803833,132.89312744140625,340.0175476074219,2.9914746284484863,51.20481872558594,337.5,-74.03107149055205,0.0,74.03107149055205,180.0,0,2
1738850724.1248407,0,-718.9156494140625,173.06935119628906,1.5399465560913086,121.50839233398438,341.70965576171875,2.9888176918029785,43.012046813964844,337.5,-49.35404766036803,0.0,49.35404766036803,180.0,0,2
1738850724.1630192,0,-718.9156494140625,171.99420166015625,1.5599006414413452,109.58789825439453,342.5714416503906,3.051877737045288,30.722890853881836,341.6666564941406,-74.03106000050005,25.10034032614834,78.17048630580538,161.27069571047116,0,2
1738850724.191769,0,-718.9156494140625,173.30584716796875,1.571681261062622,99.33496856689453,342.8838806152344,3.043321132659912,22.530120849609375,337.5,-49.35403617031603,-25.10034032614834,55.3700999709169,-153.0431466957625,0,2
1738850724.2273962,0,-718.9156494140625,174.2213134765625,1.5775909423828125,86.24211120605469,342.86981201171875,3.0910704135894775,14.337348937988281,341.6666564941406,-49.35404766036803,25.10034032614834,55.37011021255374,153.04315208557352,0,2
1738850724.2610433,0,-718.9156494140625,172.77301025390625,1.5191187858581543,75.21128845214844,344.71966552734375,3.1228103637695312,2.0481927394866943,337.5,-74.03106143675654,-25.10034032614834,78.17048766600661,-161.270696048496,0,2
1738850724.2982302,0,-718.9156494140625,171.7522735595703,1.599910855293274,65.64468383789062,347.85748291015625,3.0878570079803467,-6.144578456878662,341.6666564941406,-49.35404335159853,25.10034032614834,55.37010637193986,153.0431500643946,0,2
1738850724.3244505,0,-718.9156494140625,173.12649536132812,1.5943350791931152,53.03553009033203,349.77386474609375,3.0617618560791016,-14.337348937988281,337.5,-49.35403904282903,-25.10034032614834,55.37010253132606,-153.04314804321544,0,2
1738850724.3709395,0,-718.9156494140625,172.07032775878906,1.5881078243255615,42.31520080566406,350.78924560546875,3.0372955799102783,-22.530120849609375,337.5,-49.35404766036803,0.0,49.35404766036803,180.0,0,2
1738850724.3954735,0,-718.9156494140625,173.3808135986328,1.5824403762817383,32.92576599121094,351.197021484375,3.013341188430786,-30.722890853881836,341.6666564941406,-49.35403617031603,25.10034032614834,55.3700999709169,153.0431466957625,0,2
1738850724.4282615,0,-718.9156494140625,174.28494262695312,1.5778701305389404,20.400014877319336,353.26416015625,2.9617316722869873,-43.012046813964844,337.5,-74.03106000050005,-25.10034032614834,78.17048630580538,-161.27069571047116,0,2
1738850724.4652216,0,-718.9156494140625,172.8217010498047,1.513965129852295,9.703046798706055,356.483154296875,2.8615448474884033,-55.301204681396484,341.6666564941406,-74.03107149055205,25.10034032614834,78.17049718741526,161.27069841466954,0,2
1738850724.497165,0,-718.9156494140625,171.78634643554688,1.5321005582809448,0.30282995104789734,358.3993225097656,2.748018741607666,-63.49397659301758,341.6666564941406,-49.35404766036803,0.0,49.35404766036803,180.0,0,2
1738850724.5342908,0,-718.9156494140625,171.11875915527344,1.4863392114639282,-8.259281158447266,361.4021911621094,2.6803033351898193,-75.78313446044922,345.8333435058594,-74.03107149055205,25.10052416698042,78.1705562184151,161.2705708023601,0,2
1738850724.5636718,0,-718.9156494140625,170.73544311523438,1.4571830034255981,-12.348201751708984,365.1291198730469,2.618833065032959,-88.0722885131836,345.8333435058594,-74.03104851044804,0.0,74.03104851044804,180.0,0,2
1738850724.6112285,0,-718.9156494140625,170.55284118652344,1.5012423992156982,-19.542545318603516,367.26104736328125,2.665168285369873,-100.36144256591797,345.8333435058594,-74.03104851044804,0.0,74.03104851044804,180.0,0,2
1738850724.6265354,0,-718.9156494140625,172.52879333496094,1.5338348150253296,-29.059555053710938,372.32830810546875,2.705822467803955,-108.55421447753906,350.0,-49.35404766036803,25.10034032614834,55.37011021255374,153.04315208557352,0,2
1738850724.664191,0,-718.9156494140625,171.86688232421875,1.5558326244354248,-38.16983413696289,377.3396301269531,2.659909248352051,-120.84337615966797,350.0,-74.03109447065606,0.0,74.03109447065606,180.0,0,2
1738850724.6932843,0,-718.9156494140625,171.37930297851562,1.569243311882019,-46.940059661865234,382.20123291015625,2.6309916973114014,-133.1325225830078,350.0,-74.03100255024002,0.0,74.03100255024002,180.0,0,2
1738850724.7365122,0,-718.9156494140625,173.0804443359375,1.5763370990753174,-55.453147888183594,388.91595458984375,2.670424222946167,-145.42169189453125,354.1666564941406,-74.03114043086407,25.10034032614834,78.17056247707819,161.27071463984402,0,2
1738850724.7685294,0,-718.9156494140625,172.19854736328125,1.5791804790496826,-67.77884674072266,392.75421142578125,2.7226386070251465,-153.6144561767578,354.1666564941406,-49.35400170016001,0.0,49.35400170016001,180.0,0,2
1738850724.7946658,0,-718.9156494140625,173.58006286621094,1.57943856716156,-78.65132141113281,396.59661865234375,2.813518762588501,-165.9036102294922,354.1666564941406,-74.03104851044804,0.0,74.03104851044804,180.0,0,2
1738850724.8243246,0,-718.9156494140625,174.49208068847656,1.524466872215271,-88.39453125,400.4876403808594,2.872016668319702,-178.19276428222656,354.1666564941406,-74.03104851044804,0.0,74.03104851044804,180.0,0,2
1738850724.8617353,0,-718.9156494140625,173.0032196044922,1.5409470796585083,-97.33642578125,404.4430847167969,2.8891680240631104,-186.3855438232422,358.3333435058594,-49.35409362057605,25.10052416698042,55.37023451788654,153.04300407999168,0,2
1738850724.893167,0,-718.9156494140625,171.9287109375,1.5536730289459229,-105.75999450683594,406.432373046875,2.894235849380493,-198.67469787597656,358.3333435058594,-74.03104851044804,0.0,74.03104851044804,180.0,0,2
1738850724.9261591,0,-718.9156494140625,171.2206573486328,1.5626492500305176,-117.87501525878906,409.15765380859375,2.9213666915893555,-210.96385192871094,358.3333435058594,-74.03104851044804,0.0,74.03104851044804,180.0,0,2
1738850724.9612477,0,-718.9156494140625,172.8314208984375,1.5145151615142822,-128.5048370361328,410.4374694824219,2.9812798500061035,-219.15663146972656,358.3333435058594,-49.35409362057605,0.0,49.35409362057605,180.0,0,2
1738850724.9968977,0,-718.9156494140625,171.93882751464844,1.5359594821929932,-140.0189666748047,412.82196044921875,2.9585769176483154,-231.44578552246094,362.5,-74.03104851044804,25.10034032614834,78.17047542419567,161.270693006272,0,2
1738850725.020224,0,-718.9156494140625,171.32264709472656,1.5519450902938843,-150.10250854492188,416.02838134765625,2.9966912269592285,-239.6385498046875,362.5,-49.35400170016001,0.0,49.35400170016001,180.0,0,2
1738850725.061963,0,-718.9156494140625,170.93649291992188,1.5628381967544556,-161.17660522460938,417.7644958496094,3.079613208770752,-247.83132934570312,362.5,-49.35409362057605,0.0,49.35409362057605,180.0,0,2
1738850725.0971735,0,-718.9156494140625,170.7236328125,1.569561243057251,-172.93284606933594,418.4977722167969,3.0705220699310303,-260.1204833984375,362.5,-74.03104851044804,0.0,74.03104851044804,180.0,0,2
1738850725.1218894,0,-718.9156494140625,172.6595916748047,1.5731847286224365,-185.1153106689453,422.6704406738281,3.0649008750915527,-272.4096374511719,366.6666564941406,-74.03104851044804,25.10034032614834,78.17047542419567,161.270693006272,0,2
1738850725.1615837,0,-718.9156494140625,173.9878692626953,1.5208178758621216,-195.5364990234375,425.14447021484375,3.050499677658081,-280.6024169921875,366.6666564941406,-49.35409362057605,0.0,49.35409362057605,180.0,0,2
1738850725.1973495,0,-718.9156494140625,172.78472900390625,1.5391721725463867,-206.73023986816406,426.3927917480469,3.0383498668670654,-288.795166015625,366.6666564941406,-49.35390977974397,0.0,49.35390977974397,180.0,0,2
1738850725.2282572,0,-718.9156494140625,173.91751098632812,1.5531128644943237,-218.47718811035156,426.8335876464844,3.089616537094116,-296.9879455566406,366.6666564941406,-49.35409362057605,0.0,49.35409362057605,180.0,0,2
1738850725.2618718,0,-718.9156494140625,174.6536102294922,1.5627914667129517,-230.58554077148438,426.79705810546875,3.062809944152832,-309.277099609375,366.6666564941406,-74.03104851044804,0.0,74.03104851044804,180.0,0,2
1738850725.2942429,0,-718.9156494140625,173.05137634277344,1.5688990354537964,-242.90518188476562,430.57977294921875,3.049201011657715,-317.4698791503906,366.6666564941406,-49.35409362057605,0.0,49.35409362057605,180.0,0,2
1738850725.3269463,0,-718.9156494140625,171.9118194580078,1.572301983833313,-253.33363342285156,432.9144592285156,3.0396077632904053,-325.66265869140625,366.6666564941406,-49.35409362057605,0.0,49.35409362057605,180.0,0,2
1738850725.36539,0,-718.9156494140625,171.1728057861328,1.5132759809494019,-264.46697998046875,434.1720275878906,3.026775360107422,-337.9518127441406,370.8333435058594,-74.03104851044804,25.10052416698042,78.17053445521195,161.27056539393115,0,2
1738850725.4006464,0,-718.9156494140625,170.7451171875,1.473384141921997,-276.12744140625,434.69696044921875,3.079392433166504,-346.14459228515625,370.8333435058594,-49.35409362057605,0.0,49.35409362057605,180.0,0,2
1738850725.4273088,0,-718.9156494140625,172.56781005859375,1.4557745456695557,-286.1531677246094,434.7708740234375,3.115323305130005,-354.33734130859375,370.8333435058594,-49.35390977974397,0.0,49.35390977974397,180.0,0,2
1738850725.4631274,0,-718.9156494140625,173.8511199951172,1.4473841190338135,-297.072998046875,434.6028747558594,3.076902389526367,-366.6264953613281,370.8333435058594,-74.03104851044804,0.0,74.03104851044804,180.0,0,2
1738850725.4938033,0,-718.9156494140625,172.64451599121094,1.4987525939941406,-308.6475830078125,434.3348693847656,3.048635959625244,-370.722900390625,370.8333435058594,-24.677138730704065,0.0,24.677138730704065,180.0,0,2
1738850725.5269623,0,-718.9156494140625,173.79559326171875,1.5354728698730469,-320.660400390625,438.1127624511719,3.0296547412872314,-378.9156494140625,370.8333435058594,-49.35390977974397,0.0,49.35390977974397,180.0,0,2
1738850725.5684426,0,-718.9156494140625,174.5585479736328,1.5054270029067993,-332.93756103515625,440.5596618652344,3.0181539058685303,-387.1084289550781,370.8333435058594,-49.35409362057605,0.0,49.35409362057605,180.0,0,2
1738850725.5965908,0,-718.9156494140625,175.01312255859375,1.4835306406021118,-343.3568420410156,441.97332763671875,3.0187997817993164,-395.30120849609375,370.8333435058594,-49.35409362057605,0.0,49.35409362057605,180.0,0,2
1738850725.6264176,0,-718.9156494140625,173.21499633789062,1.4622857570648193,-356.4945983886719,442.654541015625,3.0208685398101807,-407.5903625488281,370.8333435058594,-74.03104851044804,0.0,74.03104851044804,180.0,0,2
1738850725.661167,0,-718.9156494140625,171.95150756835938,1.5096956491470337,-367.5016174316406,442.8624572753906,3.0167016983032227,-415.78314208984375,370.8333435058594,-49.35409362057605,0.0,49.35409362057605,180.0,0,2
1738850725.7286143,0,-718.9156494140625,173.1726837158203,1.4888423681259155,-377.0125732421875,442.7978210449219,3.0751850605010986,-423.97589111328125,370.8333435058594,-49.35390977974397,0.0,49.35390977974397,180.0,0,2
1738850725.7340403,0,-718.9156494140625,174.06082153320312,1.5279738903045654,-389.5577087402344,442.6026306152344,3.114741802215576,-432.1686706542969,375.0,-49.35409362057605,25.10034032614834,55.37015117910601,153.04317364479783,0,2
1738850725.7539344,0,-718.9156494140625,172.62147521972656,1.4935624599456787,-400.2189025878906,442.3684387207031,3.138843059539795,-440.3614501953125,375.0,-49.35409362057605,0.0,49.35409362057605,180.0,0,2
1738850725.7967825,0,-718.9156494140625,173.65647888183594,1.529786467552185,-413.5505676269531,442.1477966308594,-3.131610155105591,-448.5542297363281,375.0,-49.35409362057605,0.0,49.35409362057605,180.0,0,2
1738850725.8257933,0,-718.9156494140625,172.3503875732422,1.554228663444519,-424.6990661621094,441.9656982421875,-3.1265156269073486,-456.7469787597656,375.0,-49.35390977974397,0.0,49.35390977974397,180.0,0,2
1738850725.8627222,0,-718.9156494140625,171.463134765625,1.5691193342208862,-434.3043518066406,441.8294677734375,-3.126060724258423,-464.93975830078125,375.0,-49.35409362057605,0.0,49.35409362057605,180.0,0,2
1738850725.8951786,0,-718.9156494140625,170.91783142089844,1.5769875049591064,-444.91094970703125,441.73626708984375,-3.067542314529419,-473.1325378417969,375.0,-49.35409362057605,0.0,49.35409362057605,180.0,0,2
1738850725.9323149,0,-718.9156494140625,170.62600708007812,1.5801341533660889,-456.2721252441406,441.6784973144531,-3.0303213596343994,-481.3252868652344,375.0,-49.35390977974397,0.0,49.35390977974397,180.0,0,2
1738850725.9642045,0,-718.9156494140625,170.5060272216797,1.5198851823806763,-466.15814208984375,439.61773681640625,-2.950728416442871,-493.6144714355469,370.8333435058594,-74.03123235128011,-25.10034032614834,78.17064952997187,-161.27073627336785,0,2
1738850725.994239,0,-718.9156494140625,170.49136352539062,1.5390269756317139,-475.0448913574219,438.2573547363281,-2.902273178100586,-501.8072204589844,366.6666564941406,-49.35390977974397,-25.10052416698042,55.37007065197114,-153.04291784253104,0,2
1738850726.029616,0,-718.9156494140625,170.53282165527344,1.5533901453018188,-483.3197326660156,435.4216613769531,-2.8767199516296387,-510.0,366.6666564941406,-49.35409362057605,0.0,49.35409362057605,180.0,0,2
1738850726.0624948,0,-718.9156494140625,170.59713745117188,1.5026510953903198,-491.2688903808594,433.6679992675781,-2.8113391399383545,-518.1927490234375,362.5,-49.35390977974397,-25.10034032614834,55.36998731294397,-153.04308740770924,0,2
1738850726.1187103,0,-718.9156494140625,172.69338989257812,1.4685684442520142,-499.0859375,430.69110107421875,-2.723052501678467,-526.3855590820312,358.3333435058594,-49.35427746140813,-25.10034032614834,55.370315045393475,-153.043259881376,0,2
1738850726.1271558,0,-718.9156494140625,178.1578826904297,1.4479506015777588,-504.8938293457031,426.9163513183594,-2.6114401817321777,-534.5783081054688,354.1666564941406,-49.35390977974397,-25.10052416698042,55.37007065197114,-153.04291784253104,0,2
1738850726.1604698,0,-718.9156494140625,185.76100158691406,1.4438451528549194,-513.4163818359375,420.64678955078125,-2.5308713912963867,-546.8674926757812,350.0,-74.03123235128011,-25.10034032614834,78.17064952997187,-161.27073627336785,0,2
1738850726.193582,0,-718.9156494140625,192.53628540039062,1.4374074935913086,-519.8804931640625,416.8608093261719,-2.4528205394744873,-555.0602416992188,345.8333435058594,-49.35390977974397,-25.10034032614834,55.36998731294397,-153.04308740770924,0,2
1738850726.2285435,0,-718.9156494140625,198.51327514648438,1.4353994131088257,-524.9496459960938,410.8321533203125,-2.4055728912353516,-563.2529907226562,345.8333435058594,-49.35390977974397,0.0,49.35390977974397,180.0,0,2
1738850726.2608533,0,-718.9156494140625,205.8509063720703,1.4426157474517822,-531.1591186523438,405.35247802734375,-2.3051486015319824,-571.44580078125,341.6666564941406,-49.35427746140813,-25.10052416698042,55.370398383927366,-153.04309031694186,0,2
1738850726.2951543,0,-718.9156494140625,214.02908325195312,1.4488273859024048,-536.2423706054688,400.34246826171875,-2.1642794609069824,-583.7349243164062,337.5,-74.03086466961597,-25.10034032614834,78.17030131846406,-161.27064973898345,0,2
1738850726.326622,0,-718.9156494140625,218.60179138183594,1.5075099468231201,-540.6066284179688,393.66473388671875,-2.0820834636688232,-587.831298828125,333.3333435058594,-24.676954889871986,-25.10034032614834,35.19913617015687,-134.5126771444967,0,2
1738850726.3615496,0,-718.9156494140625,224.72897338867188,1.4861044883728027,-542.5684814453125,385.8944091796875,-1.9651882648468018,-596.0241088867188,329.1666564941406,-49.35427746140813,-25.10052416698042,55.370398383927366,-153.04309031694186,0,2
1738850726.3944974,0,-718.9156494140625,231.96951293945312,1.5300623178482056,-547.0074462890625,377.4830322265625,-1.9007230997085571,-604.2168579101562,329.1666564941406,-49.35390977974397,0.0,49.35390977974397,180.0,0,2
1738850726.4262187,0,-718.9156494140625,237.90823364257812,1.5584259033203125,-549.2642822265625,368.7539978027344,-1.7543457746505737,-612.40966796875,325.0,-49.35427746140813,-25.10034032614834,55.370315045393475,-153.043259881376,0,2
1738850726.4631279,0,-718.9156494140625,244.95480346679688,1.5747182369232178,-550.07861328125,361.9481201171875,-1.6759709119796753,-620.6024169921875,325.0,-49.35390977974397,0.0,49.35390977974397,180.0,0,2
1738850726.495437,0,-718.9156494140625,250.72451782226562,1.521985650062561,-550.0363159179688,354.4773254394531,-1.5212886333465576,-628.795166015625,320.8333435058594,-49.35390977974397,-25.10034032614834,55.36998731294397,-153.04308740770924,0,2
1738850726.5206814,0,-718.9156494140625,257.63909912109375,1.4907385110855103,-549.5607299804688,348.57135009765625,-1.4321149587631226,-636.9879760742188,316.6666564941406,-49.35427746140813,-25.10052416698042,55.370398383927366,-153.04309031694186,0,2
1738850726.5634544,0,-716.9204711914062,261.2852783203125,1.524274468421936,-550.9262084960938,341.687744140625,-1.3320249319076538,-645.1807250976562,316.6666564941406,-49.35390977974397,0.0,49.35390977974397,180.0,0,2
1738850726.5928485,0,-717.59130859375,262.73272705078125,1.5481364727020264,-551.6320190429688,334.0950012207031,-1.2799967527389526,-653.3734741210938,312.5,-49.35390977974397,-25.10034032614834,55.36998731294397,-153.04308740770924,0,2
1738850726.6285677,0,-716.1298828125,264.8744201660156,1.4442592859268188,-551.8983154296875,328.0618896484375,-1.2595539093017578,-661.5662841796875,308.3333435058594,-49.35427746140813,-25.10034032614834,55.370315045393475,-153.043259881376,0,2
1738850726.661258,0,-715.1925048828125,265.63287353515625,1.3738038539886475,-549.9058837890625,327.1549377441406,-1.315354824066162,-669.759033203125,308.3333435058594,-49.35390977974397,0.0,49.35390977974397,180.0,0,2
1738850726.696491,0,-714.6582641601562,267.60260009765625,1.3438475131988525,-548.4486694335938,331.6335754394531,-1.3631203174591064,-677.9517822265625,316.6666564941406,-49.35390977974397,50.20068065229668,70.39827234031374,134.5126771444967,0,2
1738850726.7263186,0,-714.4072875976562,268.4788513183594,1.3297632932662964,-547.4747314453125,339.42681884765625,-1.3998156785964966,-682.0482177734375,316.6666564941406,-24.677322571536145,0.0,24.677322571536145,180.0,0,2
1738850726.7650185,0,-714.3375854492188,268.66876220703125,1.3257596492767334,-546.88818359375,348.99761962890625,-1.4254496097564697,-690.240966796875,316.6666564941406,-49.35390977974397,0.0,49.35390977974397,180.0,0,2
1738850726.7909937,0,-714.3707885742188,268.4794006347656,1.3274751901626587,-546.5843505859375,359.3029479980469,-1.4483264684677124,-698.4337158203125,316.6666564941406,-49.35390977974397,0.0,49.35390977974397,180.0,0,2
1738850726.8253474,0,-712.4569091796875,264.0637512207031,1.3691767454147339,-550.4594116210938,373.76141357421875,-1.4465665817260742,-702.5300903320312,320.8333435058594,-24.676954889871986,25.10052416698042,35.19926726643532,134.51246735171176,0,2
1738850726.859067,0,-713.2219848632812,260.97796630859375,1.332776427268982,-553.1061401367188,386.6076354980469,-1.4516785144805908,-710.722900390625,320.8333435058594,-49.35427746140813,0.0,49.35427746140813,180.0,0,2
1738850726.8915298,0,-713.84326171875,259.016357421875,1.3245530128479004,-554.74365234375,397.9804382324219,-1.4602265357971191,-718.9156494140625,320.8333435058594,-49.35390977974397,0.0,49.35390977974397,180.0,0,2
1738850726.9293597,0,-714.3016967773438,257.9123229980469,1.3042947053909302,-555.62890625,412.2209777832031,-1.4645988941192627,-718.9156494140625,320.8333435058594,0.0,0.0,0.0,0.0,0,2
1738850726.9654102,0,-714.6110229492188,257.4063415527344,1.2922170162200928,-556.0015258789062,424.22113037109375,-1.4595280885696411,-718.9156494140625,325.0,0.0,25.10034032614834,25.10034032614834,90.0,0,2
1738850726.99857,0,-712.8043212890625,257.2795715332031,1.3524583578109741,-556.057861328125,434.546875,-1.5156395435333252,-714.8192749023438,325.0,24.676954889871986,0.0,24.676954889871986,0.0,0,2
1738850727.0333495,0,-713.5746459960938,259.3949279785156,1.3441118001937866,-555.94384765625,447.7872314453125,-1.5523324012756348,-710.722900390625,325.0,24.676954889871986,0.0,24.676954889871986,0.0,0,2
1738850727.061063,0,-714.1480102539062,262.95416259765625,1.3500384092330933,-555.7587890625,458.9544982910156,-1.519872784614563,-706.6265258789062,329.1666564941406,24.676954889871986,25.10034032614834,35.19913617015687,45.48732285550331,0,2
1738850727.0961666,0,-714.538330078125,263.28216552734375,1.3405555486679077,-555.5638427734375,470.6819152832031,-1.4879800081253052,-706.6265258789062,329.1666564941406,0.0,0.0,0.0,0.0,0,2
1738850727.1342397,0,-712.7835693359375,263.33837890625,1.3923405408859253,-555.3916625976562,482.8073425292969,-1.465678095817566,-702.5300903320312,329.1666564941406,24.677322571536145,0.0,24.677322571536145,0.0,0,2
1738850727.1599333,0,-713.58349609375,261.21771240234375,1.3516350984573364,-555.2559204101562,493.1611022949219,-1.4581706523895264,-698.4337158203125,333.3333435058594,24.676954889871986,25.10052416698042,35.19926726643532,45.487532648288244,0,2
1738850727.194905,0,-714.1708374023438,259.7167663574219,1.3222724199295044,-555.158203125,506.3755798339844,-1.4479351043701172,-698.4337158203125,333.3333435058594,0.0,0.0,0.0,0.0,0,2
1738850727.2389207,0,-714.5650024414062,258.74871826171875,1.302965521812439,-555.0941162109375,517.4930419921875,-1.449143409729004,-694.3373413085938,333.3333435058594,24.676954889871986,0.0,24.676954889871986,0.0,0,2
1738850727.2638502,0,-714.8035888671875,258.19268798828125,1.2915786504745483,-557.0515747070312,531.1950073242188,-1.5052107572555542,-694.3373413085938,333.3333435058594,0.0,0.0,0.0,0.0,0,2
1738850727.2950177,0,-714.92822265625,257.9276123046875,1.2858761548995972,-558.3571166992188,540.5588989257812,-1.5434062480926514,-690.240966796875,333.3333435058594,24.676954889871986,0.0,24.676954889871986,0.0,0,2
1738850727.3464441,0,-712.9813232421875,257.8497619628906,1.3502981662750244,-561.1365356445312,546.9533081054688,-1.6274678707122803,-690.240966796875,337.5,0.0,25.10034032614834,25.10034032614834,90.0,0,2
1738850727.364577,0,-713.6544189453125,261.9379577636719,1.357232928276062,-560.8701171875,553.5348510742188,-1.6196370124816895,-686.1445922851562,337.5,24.676954889871986,0.0,24.676954889871986,0.0,0,2
1738850727.3935661,0,-714.16650390625,264.7122802734375,1.3472309112548828,-562.4832763671875,560.4632568359375,-1.6776982545852661,-686.1445922851562,337.5,0.0,0.0,0.0,0.0,0,2
1738850727.4513888,0,-712.5275268554688,270.47412109375,1.3978002071380615,-563.4209594726562,563.7120361328125,-1.7123900651931763,-682.0482177734375,337.5,24.676954889871986,0.0,24.676954889871986,0.0,0,2
1738850727.4554265,0,-711.4282836914062,278.13671875,1.4373679161071777,-559.8875122070312,560.5491333007812,-1.607590913772583,-677.9517822265625,341.6666564941406,24.677322571536145,25.10034032614834,35.199393940636476,45.486896072590035,0,2
1738850727.496193,0,-708.7682495117188,290.9292297363281,1.408304214477539,-557.3836059570312,557.4157104492188,-1.5169429779052734,-677.9517822265625,350.0,0.0,50.20086449312876,50.20086449312876,90.0,0,2
1738850727.527485,0,-707.0969848632812,302.8491516113281,1.372528314590454,-557.7616577148438,550.6874389648438,-1.527329683303833,-673.8554077148438,358.3333435058594,24.676954889871986,50.20086449312876,55.93817031772002,63.82291412087974,0,2
1738850727.5588717,0,-706.17236328125,313.8077087402344,1.3474887609481812,-560.1505737304688,541.88525390625,-1.5995100736618042,-669.759033203125,366.6666564941406,24.676954889871986,50.20068065229668,55.93800533260595,63.82283105150459,0,2
1738850727.5928981,0,-703.7679443359375,323.8971252441406,1.3817681074142456,-559.8251342773438,532.08642578125,-1.7254111766815186,-665.6626586914062,379.1666564941406,24.676954889871986,75.3012048192771,79.24155191483504,71.85551466264398,0,2
1738850727.6273627,0,-700.3621215820312,337.3480529785156,1.3686919212341309,-561.5576782226562,526.0452270507812,-1.9252955913543701,-661.5662841796875,387.5,24.676954889871986,50.20086449312876,55.93817031772002,63.82291412087974,0,2
1738850727.659063,0,-698.3389282226562,348.92498779296875,1.359617829322815,-562.6891479492188,518.7378540039062,-2.1357014179229736,-661.5662841796875,400.0,0.0,75.3012048192771,75.3012048192771,90.0,0,2
1738850727.696653,0,-697.3147583007812,355.0172424316406,1.341079831123352,-567.3406982421875,512.66357421875,-2.258209228515625,-657.4699096679688,404.1666564941406,24.676954889871986,25.10034032614834,35.19913617015687,45.48732285550331,0,2
1738850727.7278833,0,-694.9544677734375,357.4234924316406,1.3881288766860962,-572.3098754882812,507.4949645996094,-2.405306577682495,-657.4699096679688,412.5,0.0,50.20086449312876,50.20086449312876,90.0,0,2
1738850727.7604258,0,-693.6553955078125,355.56500244140625,1.4206403493881226,-577.3169555664062,500.905029296875,-2.518989086151123,-653.3734741210938,420.8333435058594,24.677322571536145,50.20086449312876,55.93833252034891,63.8225761431939,0,2
1738850727.795537,0,-693.0867309570312,351.1883239746094,1.440992832183838,-584.2081909179688,497.3951721191406,-2.623352527618408,-649.277099609375,429.1666564941406,24.676954889871986,50.20068065229668,55.93800533260595,63.82283105150459,0,2
1738850727.8241956,0,-694.9694213867188,343.5206298828125,1.3934670686721802,-590.2571411132812,495.9679260253906,-2.7504961490631104,-649.277099609375,437.5,0.0,50.20086449312876,50.20086449312876,90.0,0,2
1738850727.8575335,0,-696.4313354492188,334.06951904296875,1.3721911907196045,-597.5895385742188,491.7545471191406,-2.8198750019073486,-645.1807250976562,445.8333435058594,24.676954889871986,50.20086449312876,55.93817031772002,63.82291412087974,0,2
1738850727.8966749,0,-697.468017578125,319.80487060546875,1.3293592929840088,-607.69873046875,489.5807800292969,-2.867744207382202,-649.277099609375,454.1666564941406,-24.676954889871986,50.20068065229668,55.93800533260595,116.17716894849542,0,2
1738850727.9252038,0,-698.1380615234375,306.78594970703125,1.3183666467666626,-617.54931640625,486.735107421875,-2.9342238903045654,-661.5662841796875,458.3333435058594,-74.03123235128011,25.10052416698042,78.17070856085667,161.27060866127852,0,2
1738850727.959857,0,-700.5193481445312,295.07720947265625,1.3791942596435547,-627.0297241210938,483.3555908203125,-2.9012582302093506,-673.8554077148438,462.5,-74.03086466961597,25.10034032614834,78.17030131846406,161.27064973898345,0,2
1738850727.987961,0,-702.02880859375,282.4945373535156,1.4153763055801392,-636.1358642578125,481.6189270019531,-2.9216156005859375,-686.1445922851562,466.6666564941406,-74.03123235128011,25.10034032614834,78.17064952997187,161.27073627336785,0,2
1738850728.0272102,0,-704.8700561523438,269.4754638671875,1.3795573711395264,-644.919189453125,480.97369384765625,-2.851863145828247,-694.3373413085938,470.8333435058594,-49.35390977974397,25.10052416698042,55.37007065197114,153.04291784253104,0,2
1738850728.056945,0,-708.57421875,256.3068542480469,1.2980129718780518,-655.4475708007812,478.9512939453125,-2.8766090869903564,-710.722900390625,475.0,-98.7081872411521,25.10034032614834,101.84956216362843,165.7327406760107,0,2
1738850728.0895188,0,-710.7820434570312,243.15736389160156,1.3582593202590942,-663.1328125,475.91534423828125,-2.8144476413726807,-723.0120239257812,475.0,-74.03086466961597,0.0,74.03086466961597,180.0,0,2
1738850728.126612,0,-713.9011840820312,230.11068725585938,1.342871069908142,-670.8408813476562,472.19757080078125,-2.833007574081421,-727.1084594726562,466.6666564941406,-24.677322571536145,-50.20086449312876,55.93833252034891,-116.1774238568061,0,2
1738850728.15984,0,-717.6278686523438,217.19505310058594,1.277052640914917,-678.6300659179688,468.06573486328125,-2.8075954914093018,-727.1084594726562,458.3333435058594,0.0,-50.20068065229668,50.20068065229668,-90.0,0,2
1738850728.196507,0,-721.7190551757812,204.4061737060547,1.2895394563674927,-682.5282592773438,465.7459716796875,-2.768502950668335,-727.1084594726562,450.0,0.0,-50.20086449312876,50.20086449312876,-90.0,0,2
1738850728.226248,0,-724.0028076171875,191.7236785888672,1.3011248111724854,-683.8722534179688,464.68792724609375,-2.688189744949341,-727.1084594726562,441.6666564941406,0.0,-50.20086449312876,50.20086449312876,-90.0,0,2
1738850728.2539659,0,-725.0322875976562,181.15133666992188,1.310592532157898,-687.7040405273438,464.4286804199219,-2.66471791267395,-727.1084594726562,429.1666564941406,0.0,-75.3012048192771,75.3012048192771,-90.0,0,2
1738850728.2936854,0,-727.2661743164062,171.98208618164062,1.2111773490905762,-689.4461059570312,460.5574035644531,-2.5784318447113037,-727.1084594726562,420.8333435058594,0.0,-50.20068065229668,50.20068065229668,-90.0,0,2
1738850728.326098,0,-730.3846435546875,163.65225219726562,1.2518726587295532,-693.8571166992188,458.25311279296875,-2.490037679672241,-723.0120239257812,408.3333435058594,24.677322571536145,-75.3012048192771,79.24166641694488,-71.85526202971477,0,2
1738850728.3616083,0,-734.0968627929688,155.75250244140625,1.2277814149856567,-698.1837158203125,457.0826416015625,-2.357835054397583,-723.0120239257812,400.0,0.0,-50.20086449312876,50.20086449312876,-90.0,0,2
1738850728.3929586,0,-738.168701171875,148.01124572753906,1.2686742544174194,-702.4340209960938,452.6025695800781,-2.2370195388793945,-723.0120239257812,391.6666564941406,0.0,-50.20086449312876,50.20086449312876,-90.0,0,2
1738850728.4279447,0,-740.433349609375,138.237060546875,1.297817349433899,-704.6278686523438,449.9317626953125,-2.121143341064453,-723.0120239257812,379.1666564941406,0.0,-75.3012048192771,75.3012048192771,-90.0,0,2
1738850728.4601727,0,-743.4417724609375,127.02964782714844,1.2388436794281006,-705.4527587890625,446.54217529296875,-2.141726016998291,-718.9156494140625,370.8333435058594,24.676954889871986,-50.20068065229668,55.93800533260595,-63.82283105150459,0,2
1738850728.4990199,0,-744.992431640625,116.93136596679688,1.2761150598526,-705.4572143554688,442.67254638671875,-2.134145975112915,-718.9156494140625,362.5,0.0,-50.20086449312876,50.20086449312876,-90.0,0,2
1738850728.5274696,0,-747.568359375,107.6548080444336,1.3023325204849243,-705.0402221679688,440.5436096191406,-2.138277053833008,-723.0120239257812,350.0,-24.676954889871986,-75.3012048192771,79.24155191483504,-108.14448533735603,0,2
1738850728.5610082,0,-750.8880004882812,98.93485260009766,1.2636728286743164,-704.466796875,439.6124572753906,-2.1478843688964844,-723.0120239257812,341.6666564941406,0.0,-50.20086449312876,50.20086449312876,-90.0,0,2
1738850728.5930479,0,-752.7052001953125,90.55577850341797,1.3506993055343628,-703.895263671875,437.3996276855469,-2.194979667663574,-718.9156494140625,333.3333435058594,24.676954889871986,-50.20068065229668,55.93800533260595,-63.82283105150459,0,2
1738850728.6266475,0,-753.4913940429688,86.41695404052734,1.2721530199050903,-703.4065551757812,436.27899169921875,-2.2293972969055176,-718.9156494140625,325.0,0.0,-50.20086449312876,50.20086449312876,-90.0,0,2
1738850728.6562932,0,-753.6361694335938,89.10482025146484,1.2165687084197998,-703.0303344726562,435.8790588378906,-2.2522878646850586,-718.9156494140625,312.5,0.0,-75.3012048192771,75.3012048192771,-90.0,0,2
1738850728.6956048,0,-751.43603515625,94.07357025146484,1.1522462368011475,-702.7656860351562,435.9060974121094,-2.2659475803375244,-718.9156494140625,304.1666564941406,0.0,-50.20086449312876,50.20086449312876,-90.0,0,2
1738850728.72661,0,-747.7614135742188,102.1268081665039,1.112990140914917,-702.5962524414062,436.1482849121094,-2.272902011871338,-723.0120239257812,295.8333435058594,-24.676954889871986,-50.20068065229668,55.93800533260595,-116.17716894849542,0,2
1738850728.7569022,0,-743.2701416015625,111.80232238769531,1.0921369791030884,-702.4998168945312,436.46612548828125,-2.275416374206543,-718.9156494140625,283.3333435058594,24.676954889871986,-75.3012048192771,79.24155191483504,-71.85551466264398,0,2
1738850728.79593,0,-738.41650390625,120.0882797241211,1.0566821098327637,-702.4547119140625,436.7772521972656,-2.2752912044525146,-718.9156494140625,275.0,0.0,-50.20086449312876,50.20086449312876,-90.0,0,2
1738850728.8219311,0,-735.4806518554688,127.0714340209961,1.1155956983566284,-702.4423828125,437.0403747558594,-2.273829460144043,-718.9156494140625,266.6666564941406,0.0,-50.20086449312876,50.20086449312876,-90.0,0,2
1738850728.858791,0,-731.9537963867188,132.98291015625,1.1086859703063965,-702.4486083984375,437.24114990234375,-2.2718911170959473,-718.9156494140625,258.3333435058594,0.0,-50.20068065229668,50.20068065229668,-90.0,0,2
1738850728.8977547,0,-728.0422973632812,138.09474182128906,1.155967354774475,-702.4635009765625,437.3812255859375,-2.269986391067505,-723.0120239257812,250.0,-24.676954889871986,-50.20086449312876,55.93817031772002,-116.17708587912027,0,2
1738850728.922992,0,-725.9021606445312,142.66102600097656,1.13717782497406,-702.4806518554688,435.440673828125,-2.232088088989258,-718.9156494140625,241.6666717529297,24.676954889871986,-50.20077257271272,55.93808782514829,-63.82287258625341,0,2
1738850728.9585288,0,-724.9772338867188,144.86082458496094,1.0962097644805908,-702.49658203125,434.1434326171875,-2.2067604064941406,-718.9156494140625,229.1666717529297,0.0,-75.3012048192771,75.3012048192771,-90.0,0,2
1738850729.0036633,0,-724.8080444335938,147.5610809326172,1.1469541788101196,-702.509521484375,431.3325500488281,-2.2278127670288086,-718.9156494140625,220.8333282470703,0.0,-50.20086449312876,50.20086449312876,-90.0,0,2
1738850729.0237534,0,-725.05078125,150.72808837890625,1.182327151298523,-702.5191040039062,427.55108642578125,-2.2077219486236572,-718.9156494140625,212.5,0.0,-50.20077257271272,50.20077257271272,-90.0,0,2
1738850729.0607235,0,-725.4700317382812,150.21884155273438,1.204694151878357,-702.525634765625,425.2460021972656,-2.1950342655181885,-718.9156494140625,212.5,0.0,0.0,0.0,0.0,0,2
1738850729.0929415,0,-725.9197387695312,149.32945251464844,1.2171940803527832,-702.5296020507812,419.9695739746094,-2.2683815956115723,-718.9156494140625,216.6666717529297,0.0,25.10043224656438,25.10043224656438,90.0,0,2
1738850729.1383615,0,-726.3206787109375,148.3724822998047,1.2228573560714722,-702.53173828125,416.78997802734375,-2.238084316253662,-714.8192749023438,216.6666717529297,24.676954889871986,0.0,24.676954889871986,0.0,0,2
1738850729.1599689,0,-726.6392211914062,149.5473175048828,1.2422255277633667,-702.5325927734375,413.1119384765625,-2.2521626949310303,-710.722900390625,216.6666717529297,24.676954889871986,0.0,24.676954889871986,0.0,0,2
1738850729.197928,0,-726.8697509765625,150.21478271484375,1.2351194620132446,-702.5326538085938,409.1082763671875,-2.3859684467315674,-710.722900390625,216.6666717529297,0.0,0.0,0.0,0.0,0,2
1738850729.221439,0,-727.022216796875,150.52639770507812,1.2281676530838013,-702.5323486328125,402.884765625,-2.4741599559783936,-706.6265258789062,216.6666717529297,24.676954889871986,0.0,24.676954889871986,0.0,0,2
1738850729.2611463,0,-727.11279296875,150.61082458496094,1.2403122186660767,-702.5318603515625,399.279296875,-2.5748090744018555,-706.6265258789062,220.8333282470703,0.0,25.10034032614834,25.10034032614834,90.0,0,2
1738850729.2992728,0,-727.1586303710938,150.56663513183594,1.2297688722610474,-702.5313720703125,393.47430419921875,-2.6134650707244873,-706.6265258789062,220.8333282470703,0.0,0.0,0.0,0.0,0,2
1738850729.3285904,0,-727.1749267578125,150.4628143310547,1.2398462295532227,-702.5309448242188,390.2377624511719,-2.647808074951172,-706.6265258789062,220.8333282470703,0.0,0.0,0.0,0.0,0,2
1738850729.3600519,0,-727.1737670898438,150.34326171875,1.2463335990905762,-704.5258178710938,388.7823181152344,-2.73899245262146,-702.5300903320312,220.8333282470703,24.677322571536145,0.0,24.677322571536145,0.0,0,2
1738850729.3954976,0,-727.163818359375,150.23277282714844,1.2500497102737427,-705.8499145507812,384.3900451660156,-2.7917959690093994,-698.4337158203125,220.8333282470703,24.676954889871986,0.0,24.676954889871986,0.0,0,2
1738850729.434945,0,-727.1507568359375,150.1427459716797,1.2337822914123535,-708.6355590820312,381.9857177734375,-2.8722150325775146,-698.4337158203125,220.8333282470703,0.0,0.0,0.0,0.0,0,2
1738850729.4537237,0,-727.1380004882812,150.0761260986328,1.2403526306152344,-710.3634033203125,378.91607666015625,-2.9294400215148926,-694.3373413085938,220.8333282470703,24.676954889871986,0.0,24.676954889871986,0.0,0,2
1738850729.495813,0,-727.1272583007812,150.0310516357422,1.2269352674484253,-715.2915649414062,375.3479919433594,-3.0096638202667236,-694.3373413085938,220.8333282470703,0.0,0.0,0.0,0.0,0,2
1738850729.5219696,0,-727.1190185546875,150.00347900390625,1.2179174423217773,-718.3385009765625,373.46795654296875,-3.106822967529297,-690.240966796875,220.8333282470703,24.676954889871986,0.0,24.676954889871986,0.0,0,2
1738850729.5590172,0,-727.11328125,149.9888458251953,1.2124485969543457,-719.9840698242188,372.7230529785156,3.121786594390869,-690.240966796875,220.8333282470703,0.0,0.0,0.0,0.0,0,2
1738850729.5934412,0,-727.1096801757812,149.98292541503906,1.2276138067245483,-720.6751098632812,372.6671142578125,3.0966360569000244,-686.1445922851562,225.0,24.676954889871986,25.10043224656438,35.199201718237106,45.48742775209111,0,2
1738850729.6265457,0,-727.1076049804688,149.9823455810547,1.2384635210037231,-720.7775268554688,372.97259521484375,3.090048313140869,-686.1445922851562,225.0,0.0,0.0,0.0,0.0,0,2
1738850729.6555393,0,-727.106689453125,149.9845733642578,1.2455439567565918,-720.5634155273438,373.419677734375,3.0939524173736572,-682.0482177734375,225.0,24.676954889871986,0.0,24.676954889871986,0.0,0,2
1738850729.6941273,0,-727.1064453125,149.98793029785156,1.2316458225250244,-720.217529296875,373.8753662109375,3.1027419567108154,-682.0482177734375,225.0,0.0,0.0,0.0,0.0,0,2
1738850729.725824,0,-727.1066284179688,149.9913787841797,1.2397387027740479,-719.8536376953125,374.27020263671875,-3.1100893020629883,-677.9517822265625,225.0,24.677322571536145,0.0,24.677322571536145,0.0,0,2
1738850729.7608235,0,-727.1069946289062,149.994384765625,1.2271904945373535,-719.5326538085938,374.5772705078125,-3.1209981441497803,-677.9517822265625,225.0,0.0,0.0,0.0,0.0,0,2
1738850729.7962103,0,-727.1073608398438,149.99671936035156,1.236614465713501,-719.2796020507812,374.7953186035156,-3.0689537525177,-673.8554077148438,225.0,24.676954889871986,0.0,24.676954889871986,0.0,0,2
1738850729.830492,0,-727.1077270507812,149.99839782714844,1.225196361541748,-719.09765625,374.9364929199219,-3.09545636177063,-673.8554077148438,225.0,0.0,0.0,0.0,0.0,0,2
1738850729.8572416,0,-727.1079711914062,149.99948120117188,1.2354856729507446,-718.978271484375,375.01800537109375,-3.1156678199768066,-673.8554077148438,225.0,0.0,0.0,0.0,0.0,0,2
1738850729.8969889,0,-727.1082153320312,150.0001220703125,1.2427055835723877,-718.9080810546875,375.0572204589844,3.0994906425476074,-669.759033203125,225.0,24.676954889871986,0.0,24.676954889871986,0.0,0,2
1738850729.933116,0,-727.1083374023438,150.00042724609375,1.2292851209640503,-714.8827514648438,375.06915283203125,3.002091646194458,-665.6626586914062,225.0,24.676954889871986,0.0,24.676954889871986,0.0,0,2
1738850729.9638977,0,-727.1083984375,150.00051879882812,1.2379614114761353,-708.2318115234375,375.06536865234375,2.9936044216156006,-665.6626586914062,220.8333282470703,0.0,-25.10043224656438,25.10043224656438,-90.0,0,2
1738850729.9997816,0,-727.1084594726562,150.00050354003906,1.2439991235733032,-696.0227661132812,375.0540466308594,2.9794201850891113,-661.5662841796875,220.8333282470703,24.676954889871986,0.0,24.676954889871986,0.0,0,2
1738850730.0268645,0,-725.11328125,150.0004119873047,1.1516807079315186,-684.35498046875,373.0110778808594,3.0440053939819336,-661.5662841796875,220.8333282470703,0.0,0.0,0.0,0.0,0,2
1738850730.0571213,0,-721.793701171875,154.0591583251953,1.1169582605361938,-673.4625244140625,369.6217956542969,3.037276268005371,-661.5662841796875,220.8333282470703,0.0,0.0,0.0,0.0,0,2
1738850730.0972738,0,-715.6883544921875,160.8121337890625,1.0215182304382324,-659.3641357421875,367.46002197265625,3.0868160724639893,-657.4699096679688,225.0,24.676954889871986,25.10043224656438,35.199201718237106,45.48742775209111,0,2
1738850730.1291282,0,-709.8502197265625,167.14401245117188,0.882300078868866,-647.2840576171875,366.2375183105469,3.0594773292541504,-657.4699096679688,225.0,0.0,0.0,0.0,0.0,0,2
1738850730.1553972,0,-704.398681640625,174.9791717529297,0.7977703809738159,-636.7960205078125,363.6424865722656,2.9806456565856934,-653.3734741210938,225.0,24.677322571536145,0.0,24.677322571536145,0.0,0,2
1738850730.1995258,0,-697.3442993164062,181.6273651123047,0.6737995743751526,-623.4630737304688,360.11834716796875,2.9784295558929443,-649.277099609375,229.1666717529297,24.676954889871986,25.10043224656438,35.199201718237106,45.48742775209111,0,2
1738850730.232247,0,-693.295166015625,187.31126403808594,0.6458738446235657,-612.2239379882812,358.05499267578125,2.995565414428711,-641.0843505859375,233.3333282470703,49.35390977974397,25.10034032614834,55.36998731294397,26.95691259229076,0,2
1738850730.2595038,0,-687.3770751953125,192.283203125,0.5982356071472168,-598.5047607421875,357.0364685058594,2.994191884994507,-632.8915405273438,237.5,49.35427746140813,25.10043224656438,55.37035671459981,26.95682490090488,0,2
1738850730.2935371,0,-682.1697387695312,194.7451934814453,0.502100944519043,-587.1219482421875,356.6997985839844,3.0028176307678223,-620.6024169921875,241.6666717529297,74.03086466961597,25.10043224656438,78.17033083398945,18.729414067336855,0,2
1738850730.324513,0,-675.4909057617188,197.59649658203125,0.3430030643939972,-577.39453125,352.7022399902344,3.0159730911254883,-608.313232421875,245.8333282470703,74.03123235128011,25.10034032614834,78.17064952997187,18.729263726632166,0,2
1738850730.3566794,0,-669.8356323242188,198.80648803710938,0.23559410870075226,-564.74560546875,350.2646789550781,3.018193244934082,-600.1204833984375,250.0,49.35390977974397,25.10043224656438,55.37002898239694,26.956997374943658,0,2
1738850730.389816,0,-662.9334716796875,201.0306854248047,0.12760582566261292,-552.05810546875,348.9764404296875,3.019195079803467,-587.831298828125,254.1666717529297,74.03123235128011,25.10043224656438,78.1706790453658,18.729327532700914,0,2
1738850730.4340608,0,-659.1972045898438,202.02392578125,0.07042782008647919,-539.4078979492188,348.4622802734375,3.0194287300109863,-579.6385498046875,258.3333435058594,49.35390977974397,25.10043224656438,55.37002898239694,26.956997374943658,0,2
1738850730.4561286,0,-661.6105346679688,202.24349975585938,0.04677315801382065,-526.8284912109375,344.3599548339844,3.0192346572875977,-571.44580078125,262.5,49.35390977974397,25.10034032614834,55.36998731294397,26.95691259229076,0,2
1738850730.4926927,0,-668.0059814453125,202.03475952148438,0.043492671102285385,-514.3270263671875,341.86993408203125,2.960110664367676,-559.1566162109375,266.6666564941406,74.03123235128011,25.10034032614834,78.17064952997187,18.729263726632166,0,2
1738850730.5266688,0,-676.701416015625,199.6068115234375,0.11538884043693542,-503.8911437988281,338.5341491699219,2.9334752559661865,-546.8674926757812,270.8333435058594,74.03086466961597,25.10052416698042,78.17036034961181,18.72947787360897,0,2
1738850730.5599568,0,-686.5046997070312,199.850341796875,0.10645680129528046,-490.84564208984375,336.67498779296875,2.8892805576324463,-538.6746826171875,275.0,49.35427746140813,25.10034032614834,55.370315045393475,26.95674011862401,0,2
1738850730.597004,0,-696.6455078125,195.93783569335938,0.1024428978562355,-479.97357177734375,333.8100891113281,2.8791511058807373,-530.48193359375,279.1666564941406,49.35390977974397,25.10034032614834,55.36998731294397,26.95691259229076,0,2
1738850730.628899,0,-710.6707763671875,193.3191680908203,0.04778756946325302,-470.6001281738281,330.24285888671875,2.8892598152160645,-518.1927490234375,283.3333435058594,74.03123235128011,25.10052416698042,78.17070856085667,18.729391338721477,0,2
1738850730.6596253,0,-723.0362548828125,191.7392578125,0.012811846099793911,-458.174072265625,328.2589416503906,2.886460065841675,-510.0,287.5,49.35390977974397,25.10034032614834,55.36998731294397,26.95691259229076,0,2
1738850730.694524,0,-729.9622802734375,190.91845703125,-0.11337631940841675,-447.60546875,325.3419189453125,2.8992810249328613,-505.90362548828125,287.5,24.676954889871986,0.0,24.676954889871986,0.0,0,2
1738850730.728743,0,-733.1061401367188,190.6046142578125,-0.24330466985702515,-436.33477783203125,321.7672424316406,2.896436929702759,-497.7108459472656,291.6666564941406,49.35409362057605,25.10034032614834,55.37015117910601,26.95682635520217,0,2
1738850730.7537518,0,-733.859619140625,188.5663299560547,-0.2704145908355713,-426.55322265625,317.7704772949219,2.8396027088165283,-489.51806640625,291.6666564941406,49.35409362057605,0.0,49.35409362057605,0.0,0,2
1738850730.7946165,0,-733.279052734375,187.36807250976562,-0.2768276035785675,-415.76788330078125,315.5622863769531,2.857736587524414,-485.42169189453125,291.6666564941406,24.676954889871986,0.0,24.676954889871986,0.0,0,2
1738850730.8270528,0,-732.097412109375,184.742919921875,-0.321609228849411,-406.24749755859375,312.5583801269531,2.8726065158843994,-477.2289123535156,291.6666564941406,49.35409362057605,0.0,49.35409362057605,0.0,0,2
1738850730.8608036,0,-730.7766723632812,183.19447326660156,-0.34455037117004395,-397.5660705566406,308.9797668457031,2.883669137954712,-469.0361328125,291.6666564941406,49.35409362057605,0.0,49.35409362057605,0.0,0,2
1738850730.8956702,0,-729.5737915039062,182.42010498046875,-0.35308554768562317,-387.3898010253906,305.02215576171875,2.8911945819854736,-464.93975830078125,291.6666564941406,24.676954889871986,0.0,24.676954889871986,0.0,0,2
1738850730.9240007,0,-728.6036376953125,182.15371704101562,-0.35301634669303894,-376.1441345214844,300.8401794433594,2.8404083251953125,-456.7469787597656,291.6666564941406,49.35409362057605,0.0,49.35409362057605,0.0,0,2
1738850730.95296,0,-727.891845703125,182.18603515625,-0.34852319955825806,-366.1956481933594,298.5747375488281,2.8060874938964844,-448.5542297363281,295.8333435058594,49.35390977974397,25.10052416698042,55.37007065197114,26.957082157468946,0,2
1738850730.9972084,0,-727.41455078125,182.36695861816406,-0.3423871099948883,-353.1736145019531,293.5580139160156,2.7627110481262207,-444.45782470703125,295.8333435058594,24.677138730704065,0.0,24.677138730704065,0.0,0,2
1738850731.0317843,0,-727.1258544921875,182.59817504882812,-0.33627966046333313,-342.08367919921875,288.68438720703125,2.814610719680786,-436.2650451660156,295.8333435058594,49.35409362057605,0.0,49.35409362057605,0.0,0,2
1738850731.0576801,0,-726.9752807617188,182.82208251953125,-0.3310607969760895,-332.3997497558594,283.9854431152344,2.797538995742798,-432.1686706542969,295.8333435058594,24.676954889871986,0.0,24.676954889871986,0.0,0,2
1738850731.09293,0,-726.9171142578125,183.01016235351562,-0.3270467519760132,-323.6506042480469,281.4817810058594,2.7866899967193604,-423.97589111328125,300.0,49.35409362057605,25.10034032614834,55.37015117910601,26.95682635520217,0,2
1738850731.1279209,0,-726.9146728515625,183.15292358398438,-0.3712190091609955,-315.4606628417969,278.433349609375,2.7024693489074707,-415.78314208984375,300.0,49.35390977974397,0.0,49.35390977974397,0.0,0,2
1738850731.1597939,0,-726.9412231445312,183.2519989013672,-0.3536120057106018,-309.5523376464844,274.9453125,2.725980281829834,-407.5903625488281,300.0,49.35409362057605,0.0,49.35409362057605,0.0,0,2
1738850731.1963823,0,-726.978759765625,183.31446838378906,-0.34001433849334717,-305.0738830566406,273.16400146484375,2.746169328689575,-403.4939880371094,300.0,24.676954889871986,0.0,24.676954889871986,0.0,0,2
1738850731.2239745,0,-727.0166015625,183.34921264648438,-0.33042582869529724,-299.3883972167969,272.5132751464844,2.761760711669922,-395.30120849609375,300.0,49.35409362057605,0.0,49.35409362057605,0.0,0,2
1738850731.2571251,0,-727.0491333007812,183.36476135253906,-0.32426756620407104,-292.724609375,268.4768371582031,2.7502996921539307,-391.204833984375,304.1666564941406,24.676954889871986,25.10034032614834,35.19913617015687,45.48732285550331,0,2
1738850731.2922986,0,-727.0743408203125,183.36822509765625,-0.32074984908103943,-285.3400573730469,266.1471252441406,2.764936923980713,-383.0120544433594,304.1666564941406,49.35409362057605,0.0,49.35409362057605,0.0,0,2
1738850731.3273046,0,-727.0921630859375,183.36502075195312,-0.31908947229385376,-277.469970703125,260.9676818847656,2.775002956390381,-374.81927490234375,304.1666564941406,49.35409362057605,0.0,49.35409362057605,0.0,0,2
1738850731.361918,0,-727.1036376953125,183.35882568359375,-0.31861913204193115,-269.3046569824219,257.93359375,2.7812845706939697,-370.722900390625,304.1666564941406,24.676954889871986,0.0,24.676954889871986,0.0,0,2
1738850731.3953764,0,-727.1101684570312,183.3520050048828,-0.3188264071941376,-256.9935607910156,252.37571716308594,2.762270927429199,-362.5301208496094,304.1666564941406,49.35409362057605,0.0,49.35409362057605,0.0,0,2
1738850731.4284585,0,-727.11328125,183.3458251953125,-0.31935152411460876,-245.9627227783203,249.1845703125,2.6932129859924316,-358.4337463378906,308.3333435058594,24.676954889871986,25.10052416698042,35.19926726643532,45.487532648288244,0,2
1738850731.460621,0,-727.1141967773438,183.3408660888672,-0.3199644982814789,-235.99510192871094,243.6056671142578,2.647616386413574,-350.240966796875,308.3333435058594,49.35409362057605,0.0,49.35409362057605,0.0,0,2
1738850731.4948528,0,-727.1138305664062,183.33724975585938,-0.32053473591804504,-226.82705688476562,238.43685913085938,2.528437376022339,-346.14459228515625,308.3333435058594,24.676954889871986,0.0,24.676954889871986,0.0,0,2
1738850731.5306125,0,-727.1128540039062,183.33482360839844,-0.3210013806819916,-218.20884704589844,231.59254455566406,2.4538707733154297,-337.9518127441406,308.3333435058594,49.35409362057605,0.0,49.35409362057605,0.0,0,2
1738850731.5645797,0,-727.1117553710938,183.3333740234375,-0.32134807109832764,-211.92881774902344,225.70492553710938,2.375851631164551,-329.759033203125,312.5,49.35409362057605,25.10034032614834,55.37015117910601,26.95682635520217,0,2
1738850731.5955093,0,-727.1107177734375,183.33262634277344,-0.3215835392475128,-207.160888671875,218.52511596679688,2.2537600994110107,-325.66265869140625,312.5,24.676954889871986,0.0,24.676954889871986,0.0,0,2
1738850731.6293268,0,-727.1098022460938,183.33233642578125,-0.32172825932502747,-201.26959228515625,212.54669189453125,2.1674232482910156,-317.4698791503906,312.5,49.35409362057605,0.0,49.35409362057605,0.0,0,2
1738850731.6617749,0,-727.1091918945312,183.33233642578125,-0.3398366868495941,-198.46279907226562,207.4440155029297,2.089496374130249,-313.3735046386719,312.5,24.676954889871986,0.0,24.676954889871986,0.0,0,2
1738850731.6965902,0,-727.1087646484375,183.3324737548828,-0.3338056802749634,-197.64019775390625,206.9834747314453,2.1335601806640625,-305.18072509765625,312.5,49.35409362057605,0.0,49.35409362057605,0.0,0,2
1738850731.7269156,0,-727.1084594726562,183.33267211914062,-0.32898539304733276,-201.94358825683594,209.56686401367188,2.218635082244873,-301.0843505859375,312.5,24.676954889871986,0.0,24.676954889871986,0.0,0,2
1738850731.7578628,0,-727.1083374023438,183.33287048339844,-0.325476735830307,-207.43821716308594,213.93836975097656,2.2824246883392334,-292.8915710449219,312.5,49.35409362057605,0.0,49.35409362057605,0.0,0,2
1738850731.7945962,0,-727.1082763671875,183.33303833007812,-0.3231434226036072,-213.3435821533203,221.22715759277344,2.3257787227630615,-288.795166015625,316.6666564941406,24.677138730704065,25.10034032614834,35.199265055152544,45.48710946326531,0,2
1738850731.8209221,0,-727.1082763671875,183.33316040039062,-0.32174715399742126,-221.1957244873047,228.13253784179688,2.315021276473999,-280.6024169921875,316.6666564941406,49.35390977974397,0.0,49.35390977974397,0.0,0,2
1738850731.8597965,0,-727.1082763671875,183.333251953125,-0.32103145122528076,-230.09521484375,236.47837829589844,2.3417556285858154,-272.4096374511719,316.6666564941406,49.35409362057605,0.0,49.35409362057605,0.0,0,2
1738850731.892902,0,-727.1083374023438,183.33331298828125,-0.33879807591438293,-239.4307098388672,245.56129455566406,2.3134310245513916,-268.3132629394531,316.6666564941406,24.676954889871986,0.0,24.676954889871986,0.0,0,2
1738850731.925916,0,-727.1083374023438,183.33334350585938,-0.33274057507514954,-248.82615661621094,254.91490173339844,2.292026996612549,-264.21685791015625,320.8333435058594,24.677138730704065,25.10052416698042,35.19939615095098,45.48731925607684,0,2
1738850731.9591987,0,-727.1083984375,183.33335876464844,-0.3280593752861023,-254.08970642089844,264.26123046875,2.191742420196533,-260.1204833984375,325.0,24.676954889871986,25.10034032614834,35.19913617015687,45.48732285550331,0,2
1738850731.9947035,0,-727.1083984375,183.33335876464844,-0.3247547149658203,-260.47027587890625,273.458740234375,2.1256158351898193,-256.02410888671875,333.3333435058594,24.676954889871986,50.20086449312876,55.93817031772002,63.82291412087974,0,2
1738850732.0268562,0,-727.1083984375,183.33335876464844,-0.322629451751709,-263.6930236816406,280.4266662597656,2.008742570877075,-256.02410888671875,341.6666564941406,0.0,50.20068065229668,50.20068065229668,90.0,0,2
1738850732.0633073,0,-727.1083984375,183.33335876464844,-0.32141348719596863,-268.8247375488281,285.8497314453125,1.960343599319458,-256.02410888671875,345.8333435058594,0.0,25.10052416698042,25.10052416698042,90.0,0,2
1738850732.0965078,0,-727.1084594726562,183.33334350585938,-0.3208380937576294,-271.38372802734375,294.3592529296875,1.8023641109466553,-251.92770385742188,354.1666564941406,24.677138730704065,50.20068065229668,55.93808643391629,63.82266206203868,0,2
1738850732.1264064,0,-727.1084594726562,183.33334350585938,-0.3206736445426941,-272.25653076171875,300.9646911621094,1.647117257118225,-251.92770385742188,362.5,0.0,50.20086449312876,50.20086449312876,90.0,0,2
1738850732.152267,0,-727.1084594726562,183.33334350585938,-0.32074353098869324,-272.1393737792969,308.2735290527344,1.4990745782852173,-251.92770385742188,370.8333435058594,0.0,50.20086449312876,50.20086449312876,90.0,0,2
1738850732.1963992,0,-727.1084594726562,183.33334350585938,-0.3389543890953064,-271.53125,316.0899353027344,1.306952953338623,-247.83132934570312,379.1666564941406,24.676954889871986,50.20068065229668,55.93800533260595,63.82283105150459,0,2
1738850732.2276933,0,-727.1084594726562,183.3333282470703,-0.33310243487358093,-270.75836181640625,324.24072265625,1.197934865951538,-247.83132934570312,387.5,0.0,50.20086449312876,50.20086449312876,90.0,0,2
1738850732.2606008,0,-727.1084594726562,183.3333282470703,-0.3284747898578644,-268.0164794921875,332.58917236328125,1.1978824138641357,-247.83132934570312,395.8333435058594,0.0,50.20086449312876,50.20086449312876,90.0,0,2
1738850732.2921517,0,-727.1084594726562,183.3333282470703,-0.32513806223869324,-264.07061767578125,341.036865234375,1.2636027336120605,-243.7349395751953,404.1666564941406,24.677046810288026,50.20068065229668,55.93804588320029,63.82274655671038,0,2
1738850732.326779,0,-727.1084594726562,183.3333282470703,-0.32294145226478577,-261.4808349609375,351.5484924316406,1.218173623085022,-243.7349395751953,412.5,0.0,50.20086449312876,50.20086449312876,90.0,0,2
1738850732.359427,0,-727.1084594726562,183.3333282470703,-0.3396752178668976,-257.9623718261719,363.4035949707031,1.2481294870376587,-243.7349395751953,420.8333435058594,0.0,50.20086449312876,50.20086449312876,90.0,0,2
1738850732.3934207,0,-727.1084594726562,183.3333282470703,-0.3329619765281677,-253.88479614257812,374.01080322265625,1.2747135162353516,-243.7349395751953,429.1666564941406,0.0,50.20068065229668,50.20068065229668,90.0,0,2
1738850732.4497344,0,-727.1084594726562,183.3333282470703,-0.32791274785995483,-251.51292419433594,385.68157958984375,1.240699052810669,-243.7349395751953,441.6666564941406,0.0,75.3012048192771,75.3012048192771,90.0,0,2
1738850732.4588907,0,-727.1084594726562,183.3333282470703,-0.3244403302669525,-248.3605194091797,395.9873046875,1.274273157119751,-235.54217529296875,450.0,49.35400170016001,50.20086449312876,70.3984678787605,45.48737440388844,0,2
1738850732.4986851,0,-727.1084594726562,183.3333282470703,-0.3222740888595581,-244.6725311279297,407.3397216796875,1.2989726066589355,-235.54217529296875,462.5,0.0,75.3012048192771,75.3012048192771,90.0,0,2
1738850732.5221312,0,-727.1084594726562,183.3333282470703,-0.3210880160331726,-242.6465301513672,417.3639831542969,1.237596869468689,-231.44578552246094,470.8333435058594,24.677046810288026,50.20086449312876,55.938210868194766,63.82282962627451,0,2
1738850732.5710044,0,-727.1084594726562,183.3333282470703,-0.3386051654815674,-239.7680206298828,422.4059143066406,1.2738065719604492,-227.34939575195312,479.1666564941406,24.677046810288026,50.20068065229668,55.93804588320029,63.82274655671038,0,2
1738850732.5956368,0,-727.1084594726562,183.3333282470703,-0.3324473798274994,-240.26817321777344,420.1111755371094,1.221760630607605,-227.34939575195312,487.5,0.0,50.20086449312876,50.20086449312876,90.0,0,2
1738850732.626648,0,-727.1084594726562,183.3333282470703,-0.32775673270225525,-241.02130126953125,415.2176513671875,1.0976859331130981,-223.2530059814453,500.0,24.677046810288026,75.3012048192771,79.24158054021808,71.85545150434322,0,2
1738850732.65699,0,-727.1084594726562,183.3333282470703,-0.32449060678482056,-245.7866973876953,409.09521484375,1.0019091367721558,-219.15663146972656,508.3333435058594,24.676954889871986,50.20086449312876,55.93817031772002,63.82291412087974,0,2
1738850732.689991,0,-727.1084594726562,183.3333282470703,-0.32242292165756226,-249.11068725585938,400.5931396484375,1.0506694316864014,-215.06024169921875,520.8333129882812,24.677046810288026,75.30102097844502,79.24140584109651,71.8554101089042,0,2
1738850732.7181642,0,-727.1084594726562,183.3333282470703,-0.3212660849094391,-255.20957946777344,386.83575439453125,1.0365017652511597,-210.96385192871094,529.1666870117188,24.677046810288026,50.20104833396084,55.938375853306816,63.82291269534864,0,2
1738850732.7598553,0,-727.1084594726562,183.3333282470703,-0.320742130279541,-259.0413818359375,374.02490234375,1.0869841575622559,-206.8674774169922,541.6666870117188,24.676954889871986,75.3012048192771,79.24155191483504,71.85551466264398,0,2
1738850732.788159,0,-727.1084594726562,183.3333282470703,-0.32061779499053955,-265.15179443359375,362.34088134765625,1.0685498714447021,-206.8674774169922,550.0,0.0,50.20068065229668,50.20068065229668,90.0,0,2
1738850732.825676,0,-727.1084594726562,183.3333282470703,-0.3207162916660309,-270.7341003417969,351.7148132324219,1.0836989879608154,-202.77108764648438,558.3333129882812,24.677046810288026,50.20068065229668,55.93804588320029,63.82274655671038,0,2
1738850732.8621678,0,-727.1084594726562,183.3333282470703,-0.32091495394706726,-275.8326721191406,341.9598388671875,1.0678176879882812,-198.67469787597656,570.8333129882812,24.677046810288026,75.3012048192771,79.24158054021808,71.85545150434322,0,2
1738850732.894616,0,-727.1084594726562,183.3333282470703,-0.3211365342140198,-282.5347595214844,328.7964172363281,1.1129484176635742,-194.57830810546875,579.1666870117188,24.677046810288026,50.20104833396084,55.938375853306816,63.82291269534864,0,2
1738850732.9306056,0,-727.1084594726562,183.3333282470703,-0.32133814692497253,-286.2825012207031,317.4417724609375,1.0880626440048218,-190.48193359375,587.5,24.676954889871986,50.20068065229668,55.93800533260595,63.82283105150459,0,2
1738850732.9644115,0,-727.1084594726562,183.3333282470703,-0.32150062918663025,-291.9683837890625,307.4476623535156,1.0700817108154297,-190.48193359375,595.8333129882812,0.0,50.20068065229668,50.20068065229668,90.0,0,2
1738850732.9838216,0,-727.1084594726562,183.3333282470703,-0.32161977887153625,-297.0123291015625,298.3893127441406,1.0852540731430054,-186.3855438232422,608.3333129882812,24.677046810288026,75.3012048192771,79.24158054021808,71.85545150434322,0,2
1738850733.0262232,0,-727.1084594726562,183.3333282470703,-0.3216996192932129,-301.59124755859375,289.9148254394531,1.019897222518921,-182.28915405273438,608.3333129882812,24.677046810288026,0.0,24.677046810288026,0.0,0,2
1738850733.066755,0,-727.1084594726562,183.3333282470703,-0.32174786925315857,-307.8577575683594,277.7011413574219,1.0257006883621216,-178.19276428222656,608.3333129882812,24.677046810288026,0.0,24.677046810288026,0.0,0,2
1738850733.0977988,0,-727.1084594726562,183.3333282470703,-0.3217730224132538,-313.27056884765625,266.99053955078125,1.0323917865753174,-174.0963897705078,604.1666870117188,24.676954889871986,-25.100156485316262,35.19900507435034,-45.487113061155654,0,2
1738850733.1193333,0,-727.1084594726562,183.3333282470703,-0.3217826783657074,-318.05694580078125,257.39141845703125,1.0385792255401611,-170.0,600.0,24.677046810288026,-25.10052416698042,35.19933170863212,-45.4874259519872,0,2
1738850733.1549535,0,-727.1084594726562,183.3333282470703,-0.32178303599357605,-320.427978515625,252.6025848388672,1.0992659330368042,-165.9036102294922,595.8333129882812,24.677046810288026,-25.10052416698042,35.19933170863212,-45.4874259519872,0,2
1738850733.1898804,0,-727.1084594726562,183.3333282470703,-0.3217785656452179,-321.2204284667969,255.02593994140625,1.1399670839309692,-165.9036102294922,595.8333129882812,0.0,0.0,0.0,0.0,0,2