timestamp,frame_number,blue_robot_x,blue_robot_y,blue_robot_orientation,yellow_robot_x,yellow_robot_y,yellow_robot_orientation,ball_x,ball_y,ball_speed_x,ball_speed_y,ball_speed,ball_angle
1738605657.5275552,0,246.9983673095703,555.8180541992188,2.3878955841064453,723.0120239257812,166.6666717529297,1.4529855251312256,383.0120544433594,387.5,,,,
1738605657.556902,0,253.859130859375,548.4459228515625,2.4082894325256348,723.0120239257812,166.6666717529297,1.4508068561553955,383.0120544433594,387.5,0.0,0.0,0.0,0.0
1738605657.587726,0,259.6835632324219,542.2608032226562,2.4290387630462646,723.0120239257812,166.6666717529297,1.449064016342163,383.0120544433594,391.6666564941406,0.0,25.10034032614834,25.10034032614834,90.0
1738605657.6223395,0,268.7193298339844,534.9442749023438,2.435455083847046,723.0120239257812,166.6666717529297,1.4477944374084473,383.0120544433594,387.5,0.0,-25.10034032614834,25.10034032614834,-90.0
1738605657.658194,0,275.8778991699219,528.93115234375,2.4010045528411865,723.0120239257812,166.6666717529297,1.4469493627548218,383.0120544433594,391.6666564941406,0.0,25.10034032614834,25.10034032614834,90.0
1738605657.6862624,0,283.6301574707031,523.8511352539062,2.421076774597168,723.0120239257812,166.6666717529297,1.4464432001113892,383.0120544433594,391.6666564941406,0.0,0.0,0.0,0.0
1738605657.723185,0,289.7548522949219,517.35107421875,2.5205929279327393,723.0120239257812,166.6666717529297,1.452854871749878,383.0120544433594,391.6666564941406,0.0,0.0,0.0,0.0
1738605657.7565596,0,296.7493591308594,511.8895263671875,2.4938340187072754,723.0120239257812,166.6666717529297,1.4505153894424438,383.0120544433594,391.6666564941406,0.0,0.0,0.0,0.0
1738605657.7869682,0,304.3616638183594,505.1166687011719,2.471407651901245,723.0120239257812,166.6666717529297,1.448731780052185,383.0120544433594,387.5,0.0,-25.10034032614834,25.10034032614834,-90.0
1738605657.823265,0,312.3740234375,499.47711181640625,2.4975147247314453,723.0120239257812,166.6666717529297,1.5080559253692627,383.0120544433594,387.5,0.0,0.0,0.0,0.0
1738605657.856711,0,320.617431640625,492.60040283203125,2.5635457038879395,723.0120239257812,166.6666717529297,1.4868813753128052,383.0120544433594,391.6666564941406,0.0,25.10034032614834,25.10034032614834,90.0
1738605657.888383,0,328.9720764160156,488.9393615722656,2.5565502643585205,723.0120239257812,166.6666717529297,1.4702295064926147,383.0120544433594,391.6666564941406,0.0,0.0,0.0,0.0
1738605657.9251926,0,337.360595703125,483.39324951171875,2.5479276180267334,723.0120239257812,166.6666717529297,1.4649630784988403,383.0120544433594,391.6666564941406,0.0,0.0,0.0,0.0
1738605657.958751,0,343.7432556152344,478.51043701171875,2.459322929382324,723.0120239257812,166.6666717529297,1.4549000263214111,383.0120544433594,387.5,0.0,-25.10034032614834,25.10034032614834,-90.0
1738605657.9858892,0,348.7695617675781,472.041015625,2.398963212966919,723.0120239257812,166.6666717529297,1.4485299587249756,383.0120544433594,387.5,0.0,0.0,0.0,0.0
1738605658.023308,0,352.9669494628906,466.5201721191406,2.3620100021362305,723.0120239257812,166.6666717529297,1.4449647665023804,383.0120544433594,387.5,0.0,0.0,0.0,0.0
1738605658.0548015,0,356.72467041015625,461.6799011230469,2.2982277870178223,723.0120239257812,166.6666717529297,1.4433479309082031,383.0120544433594,387.5,0.0,0.0,0.0,0.0
1738605658.0907474,0,360.3053894042969,457.2851867675781,2.2677247524261475,723.0120239257812,166.6666717529297,1.442961573600769,383.0120544433594,387.5,0.0,0.0,0.0,0.0
1738605658.1230052,0,365.8643493652344,451.12225341796875,2.2537992000579834,723.0120239257812,166.6666717529297,1.4432618618011475,383.0120544433594,387.5,0.0,0.0,0.0,0.0
1738605658.1554468,0,370.82012939453125,443.741455078125,2.2074711322784424,723.0120239257812,166.6666717529297,1.4438711404800415,387.1084289550781,383.3333435058594,24.676954889871986,-25.10034032614834,35.19913617015687,-45.48732285550331
1738605658.1876283,0,373.34820556640625,435.5995178222656,2.1813836097717285,723.0120239257812,166.6666717529297,1.4445518255233765,391.204833984375,379.1666564941406,24.677138730704065,-25.10052416698042,35.19939615095098,-45.48731925607684
1738605658.2238424,0,378.2593078613281,429.0691833496094,2.205488443374634,723.0120239257812,166.6666717529297,1.4451717138290405,395.30120849609375,370.8333435058594,24.676954889871986,-50.20068065229668,55.93800533260595,-63.82283105150459
1738605658.2578092,0,380.8724060058594,423.70404052734375,2.1603312492370605,723.0120239257812,166.6666717529297,1.4456714391708374,399.3975830078125,366.6666564941406,24.676954889871986,-25.10052416698042,35.19926726643532,-45.487532648288244
1738605658.2901301,0,385.9228515625,417.078857421875,2.162693738937378,723.0120239257812,166.6666717529297,1.4460381269454956,403.4939880371094,358.3333435058594,24.677138730704065,-50.20068065229668,55.93808643391629,-63.82266206203868
1738605658.3236322,0,390.6784362792969,409.5626525878906,2.1187944412231445,723.0120239257812,166.6666717529297,1.4462839365005493,407.5903625488281,354.1666564941406,24.676954889871986,-25.10052416698042,35.19926726643532,-45.487532648288244
1738605658.355024,0,395.1883544921875,403.5018005371094,2.065157175064087,723.0120239257812,166.6666717529297,1.4464325904846191,411.6867370605469,345.8333435058594,24.676954889871986,-50.20068065229668,55.93800533260595,-63.82283105150459
1738605658.385675,0,399.5130310058594,396.4293212890625,2.03328537940979,723.0120239257812,166.6666717529297,1.4465100765228271,415.78314208984375,341.6666564941406,24.677138730704065,-25.10052416698042,35.19939615095098,-45.48731925607684
1738605658.4252527,0,403.7099609375,388.6573791503906,1.9661883115768433,723.0120239257812,166.6666717529297,1.4465399980545044,419.8795166015625,333.3333435058594,24.676954889871986,-50.20068065229668,55.93800533260595,-63.82283105150459
1738605658.4556742,0,407.8269958496094,382.47564697265625,2.00443959236145,723.0120239257812,166.6666717529297,1.4465411901474,423.97589111328125,329.1666564941406,24.676954889871986,-25.10052416698042,35.19926726643532,-45.487532648288244
1738605658.4897804,0,411.90008544921875,375.3688049316406,1.9807536602020264,723.0120239257812,166.6666717529297,1.4465274810791016,428.0722961425781,320.8333435058594,24.677138730704065,-50.20068065229668,55.93808643391629,-63.82266206203868
1738605658.524729,0,413.958740234375,367.61175537109375,1.9678947925567627,725.0072631835938,166.6666717529297,1.3877586126327515,432.1686706542969,312.5,24.676954889871986,-50.20086449312876,55.93817031772002,-63.82291412087974
1738605658.5627947,0,418.6796875,359.43865966796875,1.9624172449111938,728.3268432617188,166.6666717529297,1.407512903213501,436.2650451660156,304.1666564941406,24.676954889871986,-50.20086449312876,55.93817031772002,-63.82291412087974
1738605658.588066,0,421.2730712890625,351.0291748046875,1.9900819063186646,730.4417724609375,166.6666717529297,1.4298970699310303,444.45782470703125,295.8333435058594,49.35409362057605,-50.20068065229668,70.39840122518736,-45.487216159188975
1738605658.6233256,0,424.39892578125,342.5093688964844,2.0106420516967773,731.6359252929688,166.6666717529297,1.4390275478363037,448.5542297363281,287.5,24.677138730704065,-50.20086449312876,55.93825141879116,-63.822745131791805
1738605658.6551173,0,427.9368896484375,333.9596862792969,2.024600028991699,732.1867065429688,166.6666717529297,1.4447683095932007,452.6506042480469,279.1666564941406,24.676954889871986,-50.20086449312876,55.93817031772002,-63.82291412087974
1738605658.6904182,0,431.7662353515625,325.4256591796875,2.0331690311431885,732.3285522460938,166.6666717529297,1.4479504823684692,460.8433837890625,270.8333435058594,49.35409362057605,-50.20068065229668,70.39840122518736,-45.487216159188975
1738605658.7233129,0,435.7832946777344,316.92840576171875,2.1140010356903076,732.2403564453125,166.6666717529297,1.4560365676879883,464.93975830078125,266.6666564941406,24.676954889871986,-25.10052416698042,35.19926726643532,-45.487532648288244
1738605658.7627933,0,441.9031677246094,308.4735107421875,2.1665284633636475,732.0468139648438,166.6666717529297,1.4607707262039185,469.0361328125,258.3333435058594,24.676954889871986,-50.20068065229668,55.93800533260595,-63.82283105150459
1738605658.7931373,0,445.4082336425781,300.0577392578125,2.1668787002563477,731.826904296875,166.6666717529297,1.4631084203720093,473.1325378417969,250.0,24.677138730704065,-50.20086449312876,55.93825141879116,-63.822745131791805
1738605658.8238046,0,451.06036376953125,291.6738586425781,2.1425087451934814,731.625,164.63723754882812,1.4572120904922485,477.2289123535156,241.6666717529297,24.676954889871986,-50.20077257271272,55.93808782514829,-63.82287258625341
1738605658.859309,0,454.1873474121094,283.3135681152344,2.1716902256011963,731.4612426757812,161.26071166992188,1.4593154191970825,481.3252868652344,233.3333282470703,24.676954889871986,-50.20086449312876,55.93817031772002,-63.82291412087974
1738605658.8892648,0,459.5615539550781,274.96923828125,2.1402199268341064,731.3405151367188,155.0505828857422,1.4538413286209106,485.42169189453125,225.0,24.677138730704065,-50.20077257271272,55.938168926339024,-63.8227035969765
1738605658.9235427,0,466.4921875,266.6346740722656,2.1661040782928467,731.2591552734375,149.11231994628906,1.4499733448028564,493.6144714355469,216.6666717529297,49.35409362057605,-50.20077257271272,70.39846677311809,-45.487268607535036
1738605658.9579668,0,470.41156005859375,258.3052673339844,2.1829471588134766,731.2096557617188,143.56724548339844,1.4541547298431396,497.7108459472656,208.3333282470703,24.676954889871986,-50.20086449312876,55.93817031772002,-63.82291412087974
1738605658.9849596,0,476.21533203125,249.97799682617188,2.1435177326202393,731.1835327148438,136.39187622070312,1.4504852294921875,501.8072204589844,200.0,24.676954889871986,-50.20077257271272,55.93808782514829,-63.82287258625341
1738605659.0195749,0,481.33270263671875,241.65090942382812,2.1155989170074463,731.1732177734375,130.24383544921875,1.4480236768722534,505.90362548828125,191.6666717529297,24.677138730704065,-50.20077257271272,55.938168926339024,-63.8227035969765
1738605659.053701,0,485.95172119140625,233.3230438232422,2.146869421005249,731.1724243164062,124.90654754638672,1.4465343952178955,510.0,183.3333282470703,24.676954889871986,-50.20086449312876,55.93817031772002,-63.82291412087974
1738605659.0875604,0,492.2354431152344,224.99398803710938,2.1199657917022705,731.1766967773438,120.15281677246094,1.4457571506500244,514.0963745117188,175.0,24.676954889871986,-50.20077257271272,55.93808782514829,-63.82287258625341
1738605659.1282537,0,495.6561584472656,216.66371154785156,2.1511404514312744,731.182861328125,115.7824935913086,1.5060229301452637,518.1927490234375,166.6666717529297,24.676954889871986,-50.20077257271272,55.93808782514829,-63.82287258625341
1738605659.1572359,0,501.1086730957031,208.33236694335938,2.1728451251983643,731.189208984375,113.66744232177734,1.4856222867965698,522.2891845703125,158.3333282470703,24.677322571536145,-50.20086449312876,55.93833252034891,-63.8225761431939
1738605659.1877918,0,507.9959411621094,200.0001983642578,2.1865742206573486,731.1947021484375,110.98273468017578,1.4695483446121216,530.48193359375,150.0,49.35390977974397,-50.20077257271272,70.39833788836448,-45.48737530384604
1738605659.2305346,0,515.80615234375,193.6968536376953,2.230525493621826,731.198974609375,107.79354858398438,1.4580003023147583,534.5783081054688,141.6666717529297,24.676954889871986,-50.20077257271272,55.93808782514829,-63.82287258625341
1738605659.2564774,0,522.1493530273438,186.71080017089844,2.30220627784729,731.2019653320312,106.23501586914062,1.4570997953414917,538.6746826171875,133.3333282470703,24.676954889871986,-50.20086449312876,55.93817031772002,-63.82291412087974
1738605659.290027,0,527.418212890625,179.1815948486328,2.3025152683258057,731.2039184570312,101.67729187011719,1.45707368850708,542.7710571289062,125.0,24.676954889871986,-50.20077257271272,55.93808782514829,-63.82287258625341
1738605659.3227818,0,533.9633178710938,173.2880096435547,2.2611520290374756,731.205078125,99.09921264648438,1.4574992656707764,546.8674926757812,116.66666412353516,24.677322571536145,-50.20081853292074,55.93829127417896,-63.822555375707054
1738605659.3549435,0,541.3989868164062,164.4219207763672,2.266155242919922,731.2056274414062,93.84699249267578,1.4514250755310059,550.9638671875,108.33333587646484,24.676954889871986,-50.20077257271272,55.93808782514829,-63.82287258625341
1738605659.3875494,0,547.40478515625,157.56944274902344,2.275392532348633,731.2057495117188,86.78176879882812,1.4475958347320557,559.1566162109375,100.0,49.35390977974397,-50.20081853292074,70.39837066241196,-45.487401527980786
1738605659.4236917,0,554.3988037109375,150.10511779785156,2.2807044982910156,731.2057495117188,80.6343765258789,1.44546639919281,563.2529907226562,91.66666412353516,24.676954889871986,-50.20081853292074,55.93812907143048,-63.82289335358188
1738605659.4543965,0,560.0762329101562,142.2024688720703,2.2764840126037598,731.20556640625,75.24148559570312,1.505071759223938,567.3494262695312,83.33333587646484,24.677322571536145,-50.20077257271272,55.93825002801637,-63.82253460818959
1738605659.4950163,0,566.8470458984375,134.0133056640625,2.3168892860412598,731.2053833007812,68.38182067871094,1.545102834701538,575.5421752929688,75.0,49.35390977974397,-50.20081853292074,70.39837066241196,-45.487401527980786
1738605659.526707,0,574.3824462890625,125.65652465820312,2.2990968227386475,731.2052001953125,60.5587158203125,1.5692774057388306,579.6385498046875,66.66666412353516,24.676954889871986,-50.20081853292074,55.93812907143048,-63.82289335358188
1738605659.5639088,0,580.408935546875,117.21712493896484,2.2919270992279053,731.205078125,52.168331146240234,1.5818692445755005,587.831298828125,58.33333206176758,49.35390977974397,-50.200795552816736,70.39835427538638,-45.48738841591647
1738605659.5885975,0,587.3801879882812,110.77996063232422,2.323854923248291,731.2049560546875,45.524574279785156,1.586735725402832,591.927734375,50.0,24.677322571536145,-50.200795552816736,55.93827065109675,-63.82254499195215
1738605659.6232247,0,593.0158081054688,103.6656265258789,2.3006982803344727,731.2048950195312,38.10211181640625,1.5869503021240234,600.1204833984375,41.66666793823242,49.35390977974397,-50.200795552816736,70.39835427538638,-45.48738841591647
1738605659.6557078,0,599.7410888671875,96.02932739257812,2.3279571533203125,731.204833984375,30.14975357055664,1.5847488641738892,608.313232421875,33.33333206176758,49.35390977974397,-50.20081853292074,70.39837066241196,-45.487401527980786
1738605659.6868432,0,607.2354736328125,88.02545928955078,2.3459789752960205,731.204833984375,21.87101936340332,1.5816221237182617,612.40966796875,25.0,24.677322571536145,-50.200795552816736,55.93827065109675,-63.82254499195215
1738605659.7244008,0,615.224365234375,79.78585052490234,2.3125221729278564,731.2047729492188,11.387628555297852,1.5784677267074585,620.6024169921875,20.83333396911621,49.35390977974397,-25.100397776408368,55.37001335633787,-26.95696558146378
1738605659.7547498,0,621.5009765625,73.44132995605469,2.3769826889038086,731.2047729492188,1.5139546394348145,1.5152043104171753,628.795166015625,12.5,49.35390977974397,-50.20080704286874,70.39836246889871,-45.48739497194939
1738605659.7863553,0,628.5821533203125,66.35139465332031,2.375859022140503,733.2000122070312,-7.826335430145264,1.5334769487380981,636.9879760742188,4.166666507720947,49.35427746140813,-50.20080417035574,70.3986181901894,-45.487179940712245
1738605659.82423,0,636.2352905273438,58.70100784301758,2.372465133666992,736.5195922851562,-16.748796463012695,1.4942474365234375,641.0843505859375,-4.166666507720947,24.676954889871986,-50.20080129784274,55.9381136040738,-63.8228855658373
1738605659.8600845,0,644.259033203125,50.66531753540039,2.3309988975524902,736.6393432617188,-25.3725528717041,1.5231854915618896,649.277099609375,-12.5,49.35390977974397,-50.20080417035574,70.39836042052055,-45.4873933329413
1738605659.889521,0,652.4971313476562,42.38935852050781,2.302337884902954,736.5091552734375,-33.801490783691406,1.5448484420776367,657.4699096679688,-16.66666603088379,49.35427746140813,-25.100397776408368,55.370341088633225,-26.95679310756451
1738605659.9233804,0,658.843505859375,36.01136016845703,2.3217709064483643,734.2741088867188,-40.08737564086914,1.5596668720245361,657.4699096679688,-29.16666603088379,0.0,-75.3012048192771,75.3012048192771,-90.0
1738605659.9541106,0,663.897216796875,28.89422607421875,2.336665630340576,732.6880493164062,-44.970458984375,1.5688539743423462,657.4699096679688,-37.5,0.0,-50.20080704286874,50.20080704286874,-90.0
1738605659.990513,0,670.14599609375,21.2237491607666,2.3470983505249023,731.6620483398438,-47.0019416809082,1.5738410949707031,657.4699096679688,-45.83333206176758,0.0,-50.200795552816736,50.200795552816736,-90.0
1738605660.0241783,0,675.2909545898438,13.174498558044434,2.309598922729492,731.0702514648438,-49.30916976928711,1.5759620666503906,657.4699096679688,-58.33333206176758,0.0,-75.3012048192771,75.3012048192771,-90.0
1738605660.0575314,0,681.7147827148438,6.9196929931640625,2.2840452194213867,732.7811889648438,-52.02418518066406,1.576310157775879,657.4699096679688,-70.83333587646484,0.0,-75.30122779938111,75.30122779938111,-90.0
1738605660.0884967,0,685.0575561523438,-0.14499612152576447,2.2320172786712646,732.0245361328125,-61.24457931518555,1.6447880268096924,657.4699096679688,-79.16666412353516,0.0,-50.20077257271272,50.20077257271272,-90.0
1738605660.1252003,0,690.33154296875,-5.777398586273193,2.2799012660980225,735.5093994140625,-70.80957794189453,1.6811213493347168,653.3734741210938,-91.66666412353516,-24.677322571536145,-75.3012048192771,79.24166641694488,-108.14473797028523
1738605660.1568892,0,697.01416015625,-12.49460220336914,2.3154358863830566,737.8538818359375,-80.37490844726562,1.6411864757537842,653.3734741210938,-104.16666412353516,0.0,-75.3012048192771,75.3012048192771,-90.0
1738605660.190746,0,704.6356811523438,-19.99973487854004,2.2952778339385986,739.277587890625,-97.88165283203125,1.6645361185073853,653.3734741210938,-116.66666412353516,0.0,-75.3012048192771,75.3012048192771,-90.0
1738605660.22718,0,710.8253784179688,-28.02765655517578,2.324876070022583,742.0202026367188,-116.476318359375,1.7443479299545288,653.3734741210938,-125.0,0.0,-50.20081853292074,50.20081853292074,-90.0
1738605660.2568743,0,717.9760131835938,-34.33805847167969,2.307121753692627,745.63330078125,-135.35284423828125,1.7367053031921387,649.277099609375,-137.5,-24.676954889871986,-75.3012048192771,79.24155191483504,-108.14448533735603
1738605660.292869,0,723.773681640625,-41.489837646484375,2.251000165939331,747.7669067382812,-154.05743408203125,1.7268422842025757,649.277099609375,-150.0,0.0,-75.3012048192771,75.3012048192771,-90.0
1738605660.322173,0,730.6287841796875,-49.242435455322266,2.213620662689209,748.8360595703125,-162.23477172851562,1.717252254486084,649.277099609375,-162.5,0.0,-75.3012048192771,75.3012048192771,-90.0
1738605660.357087,0,734.2275390625,-55.35697555541992,2.227531671524048,745.2156372070312,-165.2735595703125,1.7091726064682007,649.277099609375,-175.0,0.0,-75.3012048192771,75.3012048192771,-90.0
1738605660.387359,0,737.6356811523438,-60.35227966308594,2.2468674182891846,742.5252075195312,-165.2413330078125,1.7030222415924072,645.1807250976562,-187.5,-24.676954889871986,-75.3012048192771,79.24155191483504,-108.14448533735603
1738605660.4237614,0,739.0494995117188,-62.6253662109375,2.1421408653259277,740.6972045898438,-163.6384735107422,1.698740839958191,645.1807250976562,-195.8333282470703,0.0,-50.20077257271272,50.20077257271272,-90.0
1738605660.4550583,0,739.23779296875,-61.1471061706543,1.9661712646484375,739.5733642578125,-161.45956420898438,1.696030616760254,645.1807250976562,-208.3333282470703,0.0,-75.3012048192771,75.3012048192771,-90.0
1738605660.4855385,0,736.7752685546875,-57.35955047607422,1.7960469722747803,738.9717407226562,-159.2972869873047,1.694514274597168,645.1807250976562,-220.8333282470703,0.0,-75.3012048192771,75.3012048192771,-90.0
1738605660.5261831,0,734.7142944335938,-50.30373764038086,1.754860520362854,738.72412109375,-157.45327758789062,1.693827509880066,645.1807250976562,-229.1666717529297,0.0,-50.20086449312876,50.20086449312876,-90.0
1738605660.5564861,0,733.1544189453125,-41.388526916503906,1.6849597692489624,738.693603515625,-156.03663635253906,1.693664789199829,645.1807250976562,-241.6666717529297,0.0,-75.3012048192771,75.3012048192771,-90.0
1738605660.5887923,0,732.0750122070312,-27.54405403137207,1.6444767713546753,738.77880859375,-155.04214477539062,1.6937942504882812,645.1807250976562,-254.1666717529297,0.0,-75.3012048192771,75.3012048192771,-90.0
1738605660.6215668,0,731.396728515625,-14.82577896118164,1.5169419050216675,738.9111328125,-154.4066162109375,1.6940550804138184,641.0843505859375,-266.6666564941406,-24.676954889871986,-75.30111289886106,79.24146456523754,-108.14450603499058
1738605660.6510072,0,729.026123046875,-3.313270092010498,1.5011210441589355,739.0486450195312,-154.0462646484375,1.6943458318710327,641.0843505859375,-275.0,0.0,-50.20086449312876,50.20086449312876,-90.0
1738605660.685843,0,729.5306396484375,9.154799461364746,1.4434070587158203,739.169189453125,-151.8492431640625,1.740546464920044,641.0843505859375,-287.5,0.0,-75.3012048192771,75.3012048192771,-90.0
1738605660.7246687,0,730.0292358398438,22.117584228515625,1.4141770601272583,739.2637329101562,-150.45742797851562,1.7840890884399414,641.0843505859375,-295.8333435058594,0.0,-50.20086449312876,50.20086449312876,-90.0
1738605660.7552307,0,730.453369140625,35.26784133911133,1.4036643505096436,739.3314208984375,-147.6485595703125,1.7521811723709106,641.0843505859375,-308.3333435058594,0.0,-75.3012048192771,75.3012048192771,-90.0
1738605660.78784,0,730.778564453125,48.421112060546875,1.410887360572815,739.3756103515625,-141.88893127441406,1.7276346683502197,641.0843505859375,-320.8333435058594,0.0,-75.3012048192771,75.3012048192771,-90.0
1738605660.826173,0,731.0064086914062,59.45293426513672,1.4150044918060303,739.4014282226562,-134.2470703125,1.7103990316390991,636.9879760742188,-329.1666564941406,-24.676954889871986,-50.20068065229668,55.93800533260595,-116.17716894849542
1738605660.8576114,0,731.1517333984375,71.03948211669922,1.4216134548187256,739.4141235351562,-123.51128387451172,1.692710041999817,636.9879760742188,-341.6666564941406,0.0,-75.3012048192771,75.3012048192771,-90.0
1738605660.8886273,0,731.23388671875,83.0414047241211,1.4889981746673584,737.4230346679688,-112.96522521972656,1.7346343994140625,636.9879760742188,-350.0,0.0,-50.20086449312876,50.20086449312876,-90.0
1738605660.9204066,0,731.2718505859375,93.2983169555664,1.4748443365097046,736.0978393554688,-102.83342742919922,1.7768322229385376,636.9879760742188,-362.5,0.0,-75.3012048192771,75.3012048192771,-90.0
1738605660.9553201,0,731.2816772460938,102.38460540771484,1.4635069370269775,733.3087768554688,-93.17173767089844,1.745259165763855,636.9879760742188,-370.8333435058594,0.0,-50.20086449312876,50.20086449312876,-90.0
1738605660.9889808,0,731.2757568359375,110.76258850097656,1.4466922283172607,731.5767822265625,-83.94145965576172,1.7152079343795776,636.9879760742188,-379.1666564941406,0.0,-50.20068065229668,50.20068065229668,-90.0
1738605661.0243073,0,733.2577514648438,118.77085876464844,1.3852702379226685,730.6351318359375,-77.09036254882812,1.7016472816467285,636.9879760742188,-391.6666564941406,0.0,-75.3012048192771,75.3012048192771,-90.0
1738605661.0552466,0,734.5670776367188,126.63605499267578,1.3452491760253906,730.2337036132812,-71.84416198730469,1.693770170211792,636.9879760742188,-400.0,0.0,-50.20086449312876,50.20086449312876,-90.0
1738605661.0891051,0,735.3438720703125,134.4949188232422,1.3219965696334839,730.1668701171875,-65.54637145996094,1.6832610368728638,632.8915405273438,-412.5,-24.677322571536145,-75.3012048192771,79.24166641694488,-108.14473797028523
1738605661.1228442,0,737.7313842773438,138.35963439941406,1.369324803352356,730.2813110351562,-60.447044372558594,1.6237417459487915,632.8915405273438,-420.8333435058594,0.0,-50.20086449312876,50.20086449312876,-90.0
1738605661.1558955,0,737.199462890625,141.65145874023438,1.3458993434906006,730.4722900390625,-56.096046447753906,1.6461929082870483,632.8915405273438,-429.1666564941406,0.0,-50.20068065229668,50.20068065229668,-90.0
1738605661.188562,0,738.6499633789062,144.7747344970703,1.343841552734375,730.6751708984375,-50.12586975097656,1.6580485105514526,632.8915405273438,-441.6666564941406,0.0,-75.3012048192771,75.3012048192771,-90.0
1738605661.2280238,0,739.5010375976562,145.93157958984375,1.2757527828216553,730.8551025390625,-47.045509338378906,1.6741504669189453,632.8915405273438,-450.0,0.0,-50.20086449312876,50.20086449312876,-90.0
1738605661.2559505,0,739.9227905273438,145.9140625,1.1806211471557617,730.9974975585938,-41.82982635498047,1.6787420511245728,632.8915405273438,-458.3333435058594,0.0,-50.20086449312876,50.20086449312876,-90.0
1738605661.287452,0,740.0639038085938,147.32611083984375,1.17251455783844,729.1050415039062,-39.131134033203125,1.7468959093093872,632.8915405273438,-470.8333435058594,0.0,-75.3012048192771,75.3012048192771,-90.0
1738605661.3276153,0,740.0408325195312,149.8660125732422,1.1740236282348633,729.843505859375,-38.11006164550781,1.7329509258270264,632.8915405273438,-479.1666564941406,0.0,-50.20068065229668,50.20068065229668,-90.0
1738605661.3567078,0,741.9320678710938,151.18800354003906,1.2193254232406616,730.4172973632812,-36.06633377075195,1.7203893661499023,632.8915405273438,-487.5,0.0,-50.20086449312876,50.20086449312876,-90.0
1738605661.3872886,0,743.1258544921875,155.75479125976562,1.2692967653274536,730.8244018554688,-33.1939582824707,1.7036633491516113,632.8915405273438,-495.8333435058594,0.0,-50.20086449312876,50.20086449312876,-90.0
1738605661.4243386,0,743.7909545898438,158.46661376953125,1.3030251264572144,731.0877685546875,-31.740575790405273,1.691908359527588,632.8915405273438,-508.3333435058594,0.0,-75.3012048192771,75.3012048192771,-90.0
1738605661.4603958,0,744.0895385742188,159.83853149414062,1.323560357093811,729.244384765625,-31.223224639892578,1.7497987747192383,632.8915405273438,-516.6666870117188,0.0,-50.20086449312876,50.20086449312876,-90.0
1738605661.4877145,0,744.1574096679688,158.2971954345703,1.3344013690948486,729.9880981445312,-31.260107040405273,1.7301692962646484,632.8915405273438,-525.0,0.0,-50.20068065229668,50.20068065229668,-90.0
1738605661.5278544,0,744.09716796875,154.88551330566406,1.351528286933899,730.5438842773438,-31.575992584228516,1.7150909900665283,632.8915405273438,-533.3333129882812,0.0,-50.20068065229668,50.20068065229668,-90.0
1738605661.5579605,0,741.9846801757812,148.3768768310547,1.310259222984314,728.9284057617188,-27.930891036987305,1.7504630088806152,632.8915405273438,-545.8333129882812,0.0,-75.3012048192771,75.3012048192771,-90.0
1738605661.5876863,0,740.530517578125,135.95948791503906,1.317682147026062,725.8438720703125,-25.641361236572266,1.7215545177459717,632.8915405273438,-554.1666870117188,0.0,-50.20104833396084,50.20104833396084,-90.0
1738605661.625369,0,739.6223754882812,123.96145629882812,1.3814021348953247,725.851318359375,-24.375106811523438,1.7664459943771362,632.8915405273438,-562.5,0.0,-50.20068065229668,50.20068065229668,-90.0
1738605661.659945,0,739.1243286132812,112.70346069335938,1.4301011562347412,724.0399780273438,-23.815107345581055,1.7377359867095947,628.795166015625,-570.8333129882812,-24.676954889871986,-50.20068065229668,55.93800533260595,-116.17716894849542
1738605661.6904585,0,734.9176025390625,98.18512725830078,1.4526476860046387,722.963623046875,-23.69758415222168,1.716915249824524,632.8915405273438,-579.1666870117188,24.676954889871986,-50.20104833396084,55.93833530295167,-63.82299718976486
1738605661.7170222,0,732.22802734375,85.74557495117188,1.523780107498169,722.41845703125,-23.82386016845703,1.7031301259994507,632.8915405273438,-587.5,0.0,-50.20068065229668,50.20068065229668,-90.0
1738605661.7554977,0,730.7018432617188,72.9310531616211,1.5668913125991821,722.223876953125,-24.05710220336914,1.694924235343933,632.8915405273438,-600.0,0.0,-75.3012048192771,75.3012048192771,-90.0
1738605661.7862384,0,729.9910888671875,59.9692497253418,1.529155969619751,722.2369384765625,-24.311800003051758,1.6907507181167603,632.8915405273438,-600.0,0.0,0.0,0.0,0.0
1738605661.8257103,0,729.8003540039062,49.027469635009766,1.5584065914154053,724.349853515625,-24.5410213470459,1.7479668855667114,628.795166015625,-595.8333129882812,-24.676954889871986,25.10052416698042,35.19926726643532,134.51246735171176
1738605661.8538501,0,729.9036865234375,39.4954719543457,1.5751644372940063,725.8287963867188,-28.783193588256836,1.8033181428909302,628.795166015625,-591.6666870117188,0.0,25.100156485316262,25.100156485316262,90.0
1738605661.8942657,0,,,,,,,628.795166015625,-587.5,0.0,25.10052416698042,25.10052416698042,90.0
1738605661.917269,0,730.14306640625,28.82887077331543,1.6435797214508057,728.765869140625,-39.72863006591797,1.7632133960723877,628.795166015625,-583.3333129882812,0.0,25.10052416698042,25.10052416698042,90.0
1738605661.9557152,0,732.4131469726562,17.317676544189453,1.7608484029769897,730.6217651367188,-50.873069763183594,1.732878565788269,628.795166015625,-579.1666870117188,0.0,25.100156485316262,25.100156485316262,90.0
1738605661.991311,0,735.9864501953125,7.261048793792725,1.8948476314544678,731.6572875976562,-61.7169303894043,1.6513092517852783,628.795166015625,-575.0,0.0,25.10052416698042,25.10052416698042,90.0
1738605662.0189257,0,738.3079223632812,-1.8026342391967773,2.0294671058654785,732.1235961914062,-72.04700469970703,1.5979570150375366,624.6987915039062,-570.8333129882812,-24.676954889871986,25.10052416698042,35.19926726643532,134.51246735171176
1738605662.05818,0,739.65478515625,-8.222956657409668,2.0289552211761475,732.231201171875,-81.82752990722656,1.6206988096237183,624.6987915039062,-566.6666870117188,0.0,25.100156485316262,25.100156485316262,90.0
1738605662.092182,0,744.2991943359375,-12.964588165283203,2.0146493911743164,732.1393432617188,-91.11886596679688,1.647716760635376,624.6987915039062,-566.6666870117188,0.0,0.0,0.0,0.0
1738605662.1223774,0,747.1528930664062,-18.792224884033203,2.0724151134490967,731.9583740234375,-100.02206420898438,1.676898717880249,624.6987915039062,-562.5,0.0,25.10052416698042,25.10052416698042,90.0
1738605662.1572375,0,748.6793212890625,-21.476974487304688,2.0495316982269287,731.7576293945312,-106.61511993408203,1.6884381771087646,624.6987915039062,-558.3333129882812,0.0,25.10052416698042,25.10052416698042,90.0
1738605662.1867135,0,751.301513671875,-26.223913192749023,2.055624008178711,731.575439453125,-111.67565155029297,1.6953125,620.6024169921875,-554.1666870117188,-24.676954889871986,25.100156485316262,35.19900507435034,134.51288693884433
1738605662.2186306,0,754.6968994140625,-30.512908935546875,2.004962205886841,731.428955078125,-113.79264068603516,1.6921465396881104,620.6024169921875,-550.0,0.0,25.10052416698042,25.10052416698042,90.0
1738605662.2537954,0,756.5941162109375,-34.54948806762695,1.968040943145752,731.3216552734375,-116.12596130371094,1.6956597566604614,620.6024169921875,-545.8333129882812,0.0,25.10052416698042,25.10052416698042,90.0
1738605662.292156,0,757.4511108398438,-36.44580078125,1.8753799200057983,731.2499389648438,-118.83285522460938,1.6973891258239746,620.6024169921875,-541.6666870117188,0.0,25.100156485316262,25.100156485316262,90.0
1738605662.3554666,0,757.6517944335938,-41.031517028808594,1.9062238931655884,731.2066650390625,-121.94046783447266,1.6979559659957886,620.6024169921875,-533.3333129882812,0.0,50.20104833396084,50.20104833396084,90.0
1738605662.39229,0,757.487060546875,-43.47468185424805,1.795188307762146,731.1842041015625,-123.37589263916016,1.697845220565796,620.6024169921875,-529.1666870117188,0.0,25.100156485316262,25.100156485316262,90.0
1738605662.4183784,0,757.158447265625,-44.468894958496094,1.7240055799484253,731.1756591796875,-125.77741241455078,1.6974024772644043,620.6024169921875,-529.1666870117188,0.0,0.0,0.0,0.0
1738605662.4559183,0,758.7881469726562,-44.57747268676758,1.7423018217086792,731.1754150390625,-126.89788055419922,1.6968530416488647,620.6024169921875,-525.0,0.0,25.10052416698042,25.10052416698042,90.0
1738605662.4878068,0,759.7803955078125,-44.216224670410156,1.762165904045105,731.1795043945312,-127.20075988769531,1.6896560192108154,620.6024169921875,-520.8333129882812,0.0,25.10052416698042,25.10052416698042,90.0
1738605662.5209777,0,758.308349609375,-43.66572952270508,1.7213679552078247,729.1900634765625,-129.0703125,1.750210165977478,616.5060424804688,-516.6666870117188,-24.676954889871986,25.100156485316262,35.19900507435034,134.51288693884433
